,OBJECTID,SHAPE,P_ID,PED_TYPE,GRADIENT,MATERIAL,CONDITION,CLEAN,CURB_DIST,WIDTH,CURB_CUTS,CONN,T_SPEED,TREES,COMPL,LIGHTING,SURV,BIN,SHELTER,BENCHES,WAY_FI,SHUT_STOP,E_PHONES,MUSTER,DATE_COLL,REMARKS,GlobalID,OBST_PRES,BUF_PRES,TCDPRES,KERB_NUM,SPEED_NUM,BUFF_NUM,TCD_NUM,LIGHT_NUM,SURV_NUM,MUST_NUM,EPHONE_NUM,WFIND_NUM,GRAD_NUM,MAT_NUM,KERB_CUT_NUM,WID_NUM,OBS_NUM,COMP_NUM,CONN_NUM,SHUT_NUM,CLEAN_NUM,SHELT_NUM,BINS_NUM,BENCH_NUM,TREE_NUM,COND_NUM,TRAF_SCORE,PER_SCORE,UNI_SCORE,CON_SCO,FAC_SCORE,COM_SCORE,SAFETY,CON_SCORE,DEST_SCORE,AES_SCORE,SAFE_TRAF,WALK_SCORE,WALK_TSCORE,PED_NAME,SHAPE_Length,WALK_CATEGORY
0,1,"(675088.1771, 1176404.3676500004)",1000,4,F,A,F,G,<1.5,>1.5 | <3,0,2,30,N,Y,P,YES,YES,N,NO,Y,YES,YES,YES,2015-10-17 22:25:18.406000,,{FACDA07C-78AA-4712-9095-4B5529978B50},N,N/A,N/A,1.0,0.5,,,0.0,0,0,0,0,0.0,0.0,1.0,0,0,0,1,0,0,1,0,1,1.0,1,1.5,0.0,1.0,0,1,4.0,1.5,1.0,1,4.0,,7.5,1.73,CROSSWALK,6.93273847175,GOOD
1,2,"(675088.6228499999, 1176410.4671999998)",1001,2,F,C,G,G,<1.5,<1.5,0,3,30,N,Y,P,YES,YES,N,NO,Y,YES,YES,YES,2015-10-17 22:02:23.833000,,{0EE88039-1A87-4AE6-97F4-91C5C21BC983},N,YES,YES,1.0,0.5,0.0,0.0,0.0,0,0,0,0,0.0,0.0,1.0,1,0,0,0,0,0,1,0,1,1.0,0,1.5,0.0,2.0,0,0,3.0,1.5,2.0,0,3.0,,6.5,1.35,SIDEWALK,5.29945762582,GOOD
2,3,"(675084.9992, 1176413.82015)",1002,2,F,C,G,G,>1.5,<1.5,0,3,30,VF,Y,P,YES,YES,N,NO,Y,YES,YES,YES,2015-10-17 22:29:30.341000,,{A1C91D38-0CF7-4892-9F26-47887B49B8F6},N,YES,YES,0.0,0.5,0.0,0.0,0.0,0,0,0,0,0.0,0.0,1.0,1,0,0,0,0,0,1,0,1,0.5,0,0.5,0.0,2.0,0,0,2.5,0.5,2.0,0,2.5,,5.0,0.77,SIDEWALK,7.82250730679,EXCELLENT
3,4,"(675078.0912832068, 1176416.738784885)",1003,5,F,A,G,G,,<1.5,0,2,10,VF,Y,R,YES,YES,N,NO,N,YES,YES,YES,2015-10-17 22:16:56.153000,,{902DBE9C-4C4A-4736-BE8D-460E1A866C80},N,YES,YES,,0.0,0.0,0.0,0.5,0,0,0,1,0.0,0.0,1.0,1,0,0,1,0,0,1,0,1,0.5,0,0.0,0.5,3.0,0,1,2.5,0.5,3.0,1,2.5,,7.0,1.54,MISSING CONNECTION,7.55259070298,GOOD
4,5,"(675071.5580070448, 1176418.1556470573)",1004,2,F,C,G,G,>1.5,<1.5,0,2,30,D,Y,R,YES,YES,N,NO,Y,YES,YES,YES,2015-10-21 13:34:26.398000,,{58BDAA74-E80D-46BE-96F9-4BCB797DD16B},N,YES,NO,0.0,0.5,0.0,1.0,0.5,0,0,0,0,0.0,0.0,1.0,1,0,0,1,0,0,1,0,1,0.0,0,1.5,0.5,2.0,0,1,2.0,2.0,2.0,1,2.0,,7.0,1.54,SIDEWALK,7.33331926745,GOOD
5,6,"(675044.4301, 1176418.3043)",1005,5,F,O,G,G,<1.5,<1.5,0,2,30,N,N,R,NO,NO,N,NO,Y,NO,NO,YES,2015-10-22 04:00:00.000000,,{34A5930F-CC42-4F59-A527-BC1D13050F50},N,YES,YES,1.0,0.5,0.0,0.0,0.5,1,0,1,0,0.0,,1.0,1,0,1,1,1,0,1,1,1,1.0,0,1.5,2.5,2.0,1,2,4.0,4.0,3.0,2,4.0,,13.0,3.85,MISSING CONNECTION,15.5334487216,POOR
6,7,"(675061.7671302487, 1176432.1381015352)",1006,2,F,C,G,G,0,<1.5,0,2,30,S,N,R,YES,NO,N,NO,Y,YES,YES,YES,2015-10-21 13:35:44.471000,,{190B93C3-C426-41D2-B72F-E4C80AF31898},N,NO,NO,2.0,0.5,1.0,1.0,0.5,0,0,0,0,0.0,0.0,1.0,1,0,1,1,0,0,1,1,1,0.0,0,4.5,0.5,2.0,1,1,3.0,5.0,3.0,1,3.0,,12.0,3.46,SIDEWALK,33.5342797786,POOR
7,8,"(675004.877718239, 1176428.6813326525)",1007,2,F,C,P,G,>1.5,<1.5,0,2,30,VF,N,R,NO,YES,N,YES,N,NO,NO,YES,2015-10-22 04:00:00.000000,,{7C6E800E-875C-4594-B9FE-8800373A826A},N,YES,YES,0.0,0.5,0.0,0.0,0.5,1,0,1,1,0.0,0.0,1.0,1,0,1,1,1,0,1,0,0,0.5,3,0.5,2.5,3.0,1,2,4.5,3.0,4.0,2,4.5,,13.5,4.04,SIDEWALK,68.9084000628,VERY POOR
8,9,"(675046.115208814, 1176435.3108718265)",1008,2,F,C,G,G,0,<1.5,0,2,30,N,Y,R,NO,NO,N,NO,Y,NO,YES,YES,2015-10-23 03:17:37.636000,,{578A5548-1DCE-441E-B916-EBE323CA061A},Y,NO,NO,2.0,0.5,1.0,1.0,0.5,1,0,0,0,0.0,0.0,1.0,1,1,0,1,1,0,1,1,1,1.0,0,4.5,1.5,2.0,1,2,4.0,6.0,3.0,2,4.0,,15.0,4.62,SIDEWALK,43.9954748612,VERY POOR
9,10,"(674980.9420296686, 1176452.0283985292)",1009,5,F,A,G,G,,<1.5,0,2,30,N,Y,P,NO,YES,N,NO,N,NO,NO,NO,2015-10-22 04:00:00.000000,,{9B8F9375-34A3-4CE1-84AB-C5493F188B55},N,NO,NO,,0.5,1.0,1.0,0.0,1,1,1,1,0.0,0.0,1.0,1,0,0,1,1,0,1,0,1,1.0,0,2.5,3.0,3.0,0,2,3.0,5.5,3.0,2,3.0,,13.5,4.04,MISSING CONNECTION,5.35419136754,VERY POOR
10,11,"(675050.5946, 1176452.6406999994)",1010,2,F,C,G,G,0,>1.5 | <3,0,3,30,N,Y,R,NO,NO,N,NO,Y,YES,NO,YES,2015-10-22 04:00:00.000000,,{D552686F-C337-4619-B8B8-4354D782B429},N,N/A,N/A,2.0,0.5,,,0.5,1,0,1,0,0.0,0.0,1.0,0,0,0,0,0,0,1,1,1,1.0,0,2.5,2.5,1.0,0,0,4.0,5.0,1.0,0,4.0,,10.0,2.69,SIDEWALK,10.6630680849,FAIR
11,12,"(675057.1642499999, 1176450.8838499999)",1011,4,F,A,F,G,,>1.5 | <3,1,2,30,N,Y,R,NO,NO,N,NO,Y,YES,NO,YES,2015-10-21 04:00:00.000000,Needs painting,{184674A2-FFF6-4E59-82E9-E4D0AF13652B},N,NO,YES,,0.5,1.0,0.0,0.5,1,0,1,0,0.0,0.0,0.5,0,0,0,1,0,0,1,1,1,1.0,1,1.5,2.5,0.5,0,1,5.0,4.0,0.5,1,5.0,,10.5,2.88,CROSSWALK,8.44316128948,FAIR
12,13,"(675039.94215, 1176454.6572500002)",1012,2,F,C,G,G,0,>3,0,3,OTHER,N,Y,R,NO,NO,N,NO,Y,YES,NO,YES,2015-10-22 04:00:00.000000,,{17E79FA2-2752-4F88-BA74-5394712BCEDA},N,NO,NO,2.0,0.5,1.0,1.0,0.5,1,0,1,0,0.0,0.0,1.0,0,0,0,0,0,0,1,1,1,1.0,0,4.5,2.5,1.0,0,0,4.0,7.0,1.0,0,4.0,,12.0,3.46,SIDEWALK,7.2877075477,POOR
13,14,"(675044.4949500002, 1176453.3114999998)",1013,2,F,C,G,G,0,<1.5,0,2,30,N,Y,R,NO,NO,N,NO,Y,YES,NO,YES,2015-10-22 04:00:00.000000,,{EDD53826-7E1E-4AB9-8B8D-FB9C98952AA2},Y,NO,NO,2.0,0.5,1.0,1.0,0.5,1,0,1,0,0.0,0.0,1.0,1,1,0,1,0,0,1,1,1,1.0,0,4.5,2.5,2.0,1,1,4.0,7.0,3.0,1,4.0,,15.0,4.62,SIDEWALK,6.07638745091,VERY POOR
14,15,"(675062.1651999997, 1176457.6479999989)",1014,2,F,C,G,G,0,>1.5 | <3,0,3,30,N,Y,R,NO,NO,N,NO,Y,YES,NO,YES,2015-10-21 13:48:21.331002,,{C620EB12-F702-431E-A98A-347FDA2D445E},N,NO,YES,2.0,0.5,1.0,0.0,0.5,1,0,1,0,0.0,0.0,1.0,0,0,0,0,0,0,1,1,1,1.0,0,3.5,2.5,1.0,0,0,4.0,6.0,1.0,0,4.0,,11.0,3.08,SIDEWALK,14.5521525282,POOR
15,16,"(675090.8567180436, 1176437.0181936484)",1015,2,F,C,G,G,>1.5,<1.5,0,3,30,N,Y,P,YES,YES,N,NO,Y,YES,YES,YES,2015-10-17 21:57:00.598000,,{9816D316-4022-4D31-9B66-2DF2ED58E29B},N,YES,YES,0.0,0.5,0.0,0.0,0.0,0,0,0,0,0.0,0.0,1.0,1,0,0,0,0,0,1,0,1,1.0,0,0.5,0.0,2.0,0,0,3.0,0.5,2.0,0,3.0,,5.5,0.96,SIDEWALK,47.99014568,EXCELLENT
16,17,"(675038.1614999999, 1176464.1841000002)",1016,6,F,C,G,G,,>3,0,3,,N,Y,P,NO,NO,Y,NO,Y,YES,NO,YES,2015-10-22 00:00:19.148000,,{808E8F8B-976C-4879-A345-5CF3C47AF0E2},N,N/A,N/A,,,,,0.0,1,0,1,0,0.0,0.0,1.0,0,0,0,0,0,0,0,1,1,1.0,0,,2.0,1.0,0,0,3.0,2.0,1.0,0,3.0,,6.0,1.15,PEDESTRIAN STREET,2.98857991778,GOOD
17,18,"(675041.4100000001, 1176460.4400500003)",1017,6,F,C,G,G,,>3,0,4,,N,Y,R,NO,NO,N,NO,Y,YES,NO,YES,2015-10-22 00:31:02.409002,,{EE9B7C2D-94E1-44CD-878A-9FAD8E8A1830},N,N/A,N/A,,,,,0.5,1,0,1,0,0.0,0.0,1.0,0,0,0,0,0,0,1,1,1,1.0,0,,2.5,1.0,0,0,4.0,2.5,1.0,0,4.0,,7.5,1.73,PEDESTRIAN STREET,9.45849479686,GOOD
18,19,"(675067.4564999999, 1176463.7236499991)",1018,6,F,C,G,G,,>1.5 | <3,0,4,,VF,Y,P,NO,NO,N,NO,Y,YES,NO,YES,2015-10-22 00:16:12.040000,,{D8AC4807-E3C4-42AC-98EB-D5875F0B3BC8},N,N/A,N/A,,,,,0.0,1,0,1,0,0.0,0.0,1.0,0,0,0,0,0,0,1,1,1,0.5,0,,2.0,1.0,0,0,3.5,2.0,1.0,0,3.5,,6.5,1.35,PEDESTRIAN STREET,6.94880361279,GOOD
19,20,"(675079.3999999999, 1176465.1065499997)",1019,2,F,C,G,G,0,>1.5 | <3,0,4,30,N,Y,R,YES,NO,N,NO,Y,YES,YES,YES,2015-10-21 13:50:58.978000,,{8B4E3CC6-52EA-4C4F-BC3F-02F0793697B1},N,NO,YES,2.0,0.5,1.0,0.0,0.5,0,0,0,0,0.0,0.0,1.0,0,0,0,0,0,0,1,1,1,1.0,0,3.5,0.5,1.0,0,0,4.0,4.0,1.0,0,4.0,,9.0,2.31,SIDEWALK,23.0067771242,FAIR
20,21,"(675053.9126227942, 1176468.6692502722)",1020,6,F,C,G,G,,>1.5 | <3,0,3,,S,Y,P,NO,NO,Y,NO,Y,YES,NO,YES,2015-10-22 00:05:45.296001,,{5D4DA420-DF05-4FAC-8463-B9F2A7905FF1},N,N/A,N/A,,,,,0.0,1,0,1,0,0.0,0.0,1.0,0,0,0,0,0,0,0,1,1,0.0,0,,2.0,1.0,0,0,2.0,2.0,1.0,0,2.0,,5.0,0.77,PEDESTRIAN STREET,33.8205244167,EXCELLENT
21,22,"(675093.5062000002, 1176471.2111999998)",1021,2,F,C,G,G,<1.5,>1.5 | <3,0,5,30,N,Y,R,YES,NO,N,NO,N,YES,YES,YES,2015-10-17 21:47:44.243000,,{BECBFAA8-BDB9-4A45-BA65-78A6E5115926},N,N/A,YES,1.0,0.5,,0.0,0.5,0,0,0,1,0.0,0.0,1.0,0,0,0,0,0,0,1,1,1,1.0,0,1.5,0.5,2.0,0,0,4.0,2.0,2.0,0,4.0,,8.0,1.92,SIDEWALK,7.73418122607,GOOD
22,23,"(675094.9664500002, 1176466.8369499994)",1022,4,F,A,P,G,,<1.5,0,4,30,S,N,R,YES,NO,N,NO,N,YES,YES,YES,2015-10-17 21:52:38.552000,Pedestrian markings in poor condition,{47B3B8D0-02B6-43E5-9BBF-29BAEA9571C9},N,N/A,YES,,0.5,,0.0,0.5,0,0,0,1,0.0,0.0,1.0,1,0,1,0,0,0,1,1,1,0.0,3,0.5,0.5,3.0,1,0,6.0,1.0,4.0,0,6.0,,11.0,3.08,CROSSWALK,12.5367858057,POOR
23,24,"(675076.62525, 1176471.5024499996)",1023,6,F,C,G,G,,>1.5 | <3,0,4,,N,Y,R,NO,NO,Y,NO,Y,YES,NO,YES,2015-10-22 00:17:54.198000,,{2A558AD1-E6AD-4E8C-8707-6A43045F002F},N,N/A,N/A,,,,,0.5,1,0,1,0,0.0,0.0,1.0,0,0,0,0,0,0,0,1,1,1.0,0,,2.5,1.0,0,0,3.0,2.5,1.0,0,3.0,,6.5,1.35,PEDESTRIAN STREET,23.0220998357,GOOD
24,25,"(675088.5687682792, 1176472.8853579063)",1024,6,F,C,G,G,,>1.5 | <3,1,4,,N,Y,R,YES,NO,N,NO,Y,YES,YES,YES,2015-10-22 00:19:44.455001,,{B081210F-BBAA-43B5-9351-50089D968D0C},N,N/A,N/A,,,,,0.5,0,0,0,0,0.0,0.0,0.5,0,0,0,0,0,0,1,1,1,1.0,0,,0.5,0.5,0,0,4.0,0.5,0.5,0,4.0,,5.0,0.77,PEDESTRIAN STREET,6.99491655582,EXCELLENT
25,26,"(675095.2201, 1176476.9635999994)",1025,6,O,C,G,G,,>1.5 | <3,0,5,,N,Y,R,YES,NO,N,NO,N,YES,NO,YES,2015-10-17 21:43:15.294000,Segment has steps on one end,{E52A196E-C04B-4932-9783-33E919BF2F2D},N,N/A,N/A,,,,,0.5,0,0,1,1,,0.0,1.0,0,0,0,0,0,0,1,1,1,1.0,0,,1.5,2.0,0,0,4.0,1.5,2.0,0,4.0,,7.5,1.73,PEDESTRIAN STREET,9.19705697748,GOOD
26,27,"(675085.3542, 1176480.3173500001)",1026,6,F,C,G,G,,>1.5 | <3,0,3,,N,Y,N,NO,NO,N,NO,Y,YES,NO,YES,2015-10-22 00:21:08.725001,,{4E8CD362-1145-4EC5-8A9A-84AA619953B4},N,N/A,N/A,,,,,1.0,1,0,1,0,0.0,0.0,1.0,0,0,0,0,0,0,1,1,1,1.0,0,,3.0,1.0,0,0,4.0,3.0,1.0,0,4.0,,8.0,1.92,PEDESTRIAN STREET,9.19989195903,GOOD
27,28,"(675085.4646999999, 1176485.3784499997)",1027,6,F,C,G,G,,<1.5,0,2,,N,Y,N,NO,NO,Y,NO,N,YES,NO,YES,2015-10-22 00:23:45.561000,,{BCDCEDCD-78B4-4BB7-B988-2A0C3DCE41B6},N,N/A,N/A,,,,,1.0,1,0,1,1,0.0,0.0,1.0,1,0,0,1,0,0,0,1,1,1.0,0,,3.0,3.0,0,1,3.0,3.0,3.0,1,3.0,,10.0,2.69,PEDESTRIAN STREET,4.22118101107,FAIR
28,29,"(675103.1504461939, 1176485.495958612)",1028,6,F,C,G,G,,>1.5 | <3,0,3,,N,Y,P,NO,YES,Y,YES,Y,YES,YES,YES,2015-10-21 16:47:35.018000,,{87BF80FC-6089-4D93-8238-3FDD6C8D9A0A},N,N/A,N/A,,,,,0.0,1,0,0,0,0.0,0.0,1.0,0,0,0,0,0,0,0,0,0,1.0,0,,1.0,1.0,0,0,1.0,1.0,1.0,0,1.0,,3.0,0.0,PEDESTRIAN STREET,21.3532737472,EXCELLENT
29,30,"(675116.8257505047, 1176481.3029988336)",1029,2,F,C,G,G,0,>1.5 | <3,0,4,30,N,Y,R,YES,YES,N,YES,Y,YES,YES,YES,2015-10-21 13:53:51.187000,,{B4DA4498-C44B-4A8E-9DA5-15B9CE662EC6},N,NO,YES,2.0,0.5,1.0,0.0,0.5,0,0,0,0,0.0,0.0,1.0,0,0,0,0,0,0,1,0,0,1.0,0,3.5,0.5,1.0,0,0,2.0,4.0,1.0,0,2.0,,7.0,1.54,SIDEWALK,43.0849427115,GOOD
30,31,"(675029.9328999999, 1176479.3494499996)",1030,6,F,C,G,G,,>3,0,2,,N,Y,P,NO,NO,Y,NO,N,NO,YES,YES,2015-10-21 23:58:25.630000,,{095612BE-7099-4098-8DAC-F495D6D0E1CC},N,N/A,N/A,,,,,0.0,1,0,0,1,0.0,0.0,1.0,0,0,0,1,1,0,0,1,1,1.0,0,,1.0,2.0,0,2,3.0,1.0,2.0,2,3.0,,8.0,1.92,PEDESTRIAN STREET,34.3781389233,GOOD
31,32,"(675146.4207262708, 1176493.719909054)",1031,2,F,C,G,G,0,>3,0,3,30,N,Y,R,NO,YES,N,YES,Y,YES,YES,NO,2015-10-21 14:10:27.909000,,{B46A3829-A031-4264-B687-11E2AE5F606C},N,NO,NO,2.0,0.5,1.0,1.0,0.5,1,1,0,0,0.0,0.0,1.0,0,0,0,0,0,0,1,0,0,1.0,0,4.5,2.5,1.0,0,0,2.0,7.0,1.0,0,2.0,,10.0,2.69,SIDEWALK,21.8224937445,FAIR
32,33,"(675026.6006, 1176496.64535)",1032,6,F,C,G,G,,>1.5 | <3,0,3,,N,Y,N,NO,NO,Y,NO,Y,NO,YES,NO,2015-10-21 17:23:50.404000,,{FE8DF68F-ABF2-43D2-9573-3B49A555FF40},N,N/A,N/A,,,,,1.0,1,1,0,0,0.0,0.0,1.0,0,0,0,0,1,0,0,1,1,1.0,0,,3.0,1.0,0,1,3.0,3.0,1.0,1,3.0,,8.0,1.92,PEDESTRIAN STREET,7.69093261778,GOOD
33,34,"(675110.0550500002, 1176496.4372999994)",1033,6,F,C,G,G,,>1.5 | <3,0,3,,N,Y,P,NO,YES,Y,YES,Y,YES,YES,NO,2015-10-21 16:45:17.405000,,{D548C624-81B7-4DD0-8A90-9523FC5859AE},N,N/A,N/A,,,,,0.0,1,1,0,0,0.0,0.0,1.0,0,0,0,0,0,0,0,0,0,1.0,0,,2.0,1.0,0,0,1.0,2.0,1.0,0,1.0,,4.0,0.38,PEDESTRIAN STREET,14.4335322046,EXCELLENT
34,35,"(675086.7790999999, 1176496.3585)",1034,6,F,C,G,G,,>1.5 | <3,0,4,,N,Y,P,NO,YES,Y,YES,N,YES,YES,YES,2015-10-21 16:50:09.741000,,{14DD2CE7-ED1B-4A38-8092-F91EF8706F09},N,N/A,N/A,,,,,0.0,1,0,0,1,0.0,0.0,1.0,0,0,0,0,0,0,0,0,0,1.0,0,,1.0,2.0,0,0,1.0,1.0,2.0,0,1.0,,4.0,0.38,PEDESTRIAN STREET,33.1072041335,EXCELLENT
35,36,"(675117.2792499997, 1176507.3413499994)",1035,6,F,C,G,G,,>3,0,5,,N,Y,P,NO,YES,Y,YES,Y,YES,YES,NO,2015-10-21 14:22:11.656000,,{7FAA1416-67BE-4CF0-B9FC-C8DC3783E2B2},N,N/A,N/A,,,,,0.0,1,1,0,0,0.0,0.0,1.0,0,0,0,0,0,0,0,0,0,1.0,0,,2.0,1.0,0,0,1.0,2.0,1.0,0,1.0,,4.0,0.38,PEDESTRIAN STREET,21.910200693,EXCELLENT
36,37,"(675131.9802999999, 1176500.7393999994)",1036,6,F,C,G,G,,>3,0,5,,N,Y,P,NO,YES,Y,YES,Y,YES,YES,NO,2015-10-21 14:05:43.228000,Leads to main shuttle stop,{923B6EE6-5561-4C19-9AEA-C33387D0B6B5},N,N/A,N/A,,,,,0.0,1,1,0,0,0.0,0.0,1.0,0,0,0,0,0,0,0,0,0,1.0,0,,2.0,1.0,0,0,1.0,2.0,1.0,0,1.0,,4.0,0.38,PEDESTRIAN STREET,23.6383363419,EXCELLENT
37,38,"(675019.2376000002, 1176488.1045499993)",1037,6,F,C,G,G,,<1.5,0,2,,N,Y,N,NO,NO,Y,NO,Y,NO,YES,YES,2015-10-27 01:00:08.600001,,{C3E12E70-9172-42F4-BBE7-1A8F63B0C0FD},N,N/A,N/A,,,,,1.0,1,0,0,0,0.0,0.0,1.0,1,0,0,1,1,0,0,1,1,1.0,0,,2.0,2.0,0,2,3.0,2.0,2.0,2,3.0,,9.0,2.31,PEDESTRIAN STREET,52.837443826,FAIR
38,39,"(675047.5802500001, 1176505.7743500005)",1038,6,F,G,G,G,,>1.5 | <3,0,4,,N,Y,P,NO,YES,N,NO,Y,YES,YES,NO,2015-10-21 17:22:27.863001,,{6D5FE559-6D15-4E01-B104-BB25DCBF3946},N,N/A,N/A,,,,,0.0,1,1,0,0,0.0,3.0,1.0,0,0,0,0,0,0,1,0,1,1.0,0,,2.0,4.0,0,0,3.0,2.0,4.0,0,3.0,,9.0,2.31,PEDESTRIAN STREET,38.0686283566,FAIR
39,40,"(675069.4942000001, 1176515.3098500008)",1039,6,F,C,G,G,,>1.5 | <3,0,3,,N,Y,P,NO,YES,N,YES,Y,YES,NO,NO,2015-10-21 17:20:58.839000,,{A2C6FD4F-C141-4CDF-9FA3-C2FD5B6A5E8C},N,N/A,N/A,,,,,0.0,1,1,1,0,0.0,0.0,1.0,0,0,0,0,0,0,1,0,0,1.0,0,,3.0,1.0,0,0,2.0,3.0,1.0,0,2.0,,6.0,1.15,PEDESTRIAN STREET,9.72873411701,GOOD
40,41,"(675080.6779499999, 1176501.73415)",1040,6,F,C,G,G,,<1.5,0,2,,N,Y,N,NO,YES,Y,YES,N,YES,NO,NO,2015-10-22 00:22:19.609000,,{9BBAA680-FC04-4CA7-AFF2-B0BB133800D5},N,N/A,N/A,,,,,1.0,1,1,1,1,0.0,0.0,1.0,1,0,0,1,0,0,0,0,0,1.0,0,,4.0,3.0,0,1,1.0,4.0,3.0,1,1.0,,9.0,2.31,PEDESTRIAN STREET,33.8211034208,FAIR
41,42,"(675078.7971999999, 1176514.6985500008)",1041,6,F,C,G,G,,>3,0,4,,N,Y,P,NO,YES,Y,YES,Y,YES,NO,NO,2015-10-21 16:55:01.870001,,{E5DD92C5-5A03-46A4-95FA-5D76961B785E},N,N/A,N/A,,,,,0.0,1,1,1,0,0.0,0.0,1.0,0,0,0,0,0,0,0,0,0,1.0,0,,3.0,1.0,0,0,1.0,3.0,1.0,0,1.0,,5.0,0.77,PEDESTRIAN STREET,6.89620380321,EXCELLENT
42,43,"(675015.0388500001, 1176515.1336500002)",1042,6,F,C,G,G,,>3,0,4,,N,Y,P,NO,NO,N,NO,Y,NO,YES,NO,2015-10-27 00:54:47.409002,,{FA21F69E-9377-48C6-A384-DECAAC189217},N,N/A,N/A,,,,,0.0,1,1,0,0,0.0,0.0,1.0,0,0,0,0,1,0,1,1,1,1.0,0,,2.0,1.0,0,1,4.0,2.0,1.0,1,4.0,,8.0,1.92,PEDESTRIAN STREET,13.8860109556,GOOD
43,44,"(675025.7577499999, 1176508.0605500005)",1043,6,F,C,G,G,,>1.5 | <3,0,4,,N,Y,P,NO,NO,N,NO,Y,NO,YES,NO,2015-10-21 17:35:03.431000,,{1FCF18D9-1D5B-4791-85C9-3105E8D0FC8B},N,N/A,N/A,,,,,0.0,1,1,0,0,0.0,0.0,1.0,0,0,0,0,1,0,1,1,1,1.0,0,,2.0,1.0,0,1,4.0,2.0,1.0,1,4.0,,8.0,1.92,PEDESTRIAN STREET,21.6073062487,GOOD
44,45,"(675063.9195500002, 1176516.1594000002)",1044,6,SL,C,G,G,,>1.5 | <3,0,4,,N,Y,P,NO,YES,N,NO,Y,YES,NO,NO,2015-10-21 17:26:16.534002,,{116D8B23-748F-4C8D-A784-08B51E0E99BF},N,N/A,N/A,,,,,0.0,1,1,1,0,1.0,0.0,1.0,0,0,0,0,0,0,1,0,1,1.0,0,,3.0,2.0,0,0,3.0,3.0,2.0,0,3.0,,8.0,1.92,PEDESTRIAN STREET,6.00928788431,GOOD
45,46,"(675136.8467499996, 1176515.6427999996)",1045,6,F,C,F,G,,>3,0,5,,N,Y,P,NO,YES,Y,YES,Y,YES,YES,NO,2015-10-21 14:17:56.658000,,{7E0A93FA-65FD-4740-8532-ED6EF384A34B},N,N/A,N/A,,,,,0.0,1,1,0,0,0.0,0.0,1.0,0,0,0,0,0,0,0,0,0,1.0,1,,2.0,1.0,0,0,2.0,2.0,1.0,0,2.0,,5.0,0.77,PEDESTRIAN STREET,20.6010273933,EXCELLENT
46,47,"(675151.2141999998, 1176508.4500000002)",1046,6,F,C,G,G,,>1.5 | <3,0,3,,N,Y,R,NO,YES,Y,YES,N,YES,YES,NO,2015-10-21 14:20:09.063000,,{F9442217-7EAA-4D29-AB3C-DE300FBDFFEA},N,N/A,N/A,,,,,0.5,1,1,0,1,0.0,0.0,1.0,0,0,0,0,0,0,0,0,0,1.0,0,,2.5,2.0,0,0,1.0,2.5,2.0,0,1.0,,5.5,0.96,PEDESTRIAN STREET,24.4667244627,EXCELLENT
47,48,"(675090.0455999998, 1176515.7252500001)",1047,6,F,C,G,G,,>3,0,4,,N,Y,P,NO,YES,Y,YES,Y,YES,YES,NO,2015-10-21 16:51:55.220000,,{385A448C-4372-4E41-866F-5E3C2F72A31A},N,N/A,N/A,,,,,0.0,1,1,0,0,0.0,0.0,1.0,0,0,0,0,0,0,0,0,0,1.0,0,,2.0,1.0,0,0,1.0,2.0,1.0,0,1.0,,4.0,0.38,PEDESTRIAN STREET,21.4482220684,EXCELLENT
48,49,"(675103.5560999997, 1176511.4881999996)",1048,6,SL,C,G,G,,>3,0,4,,N,Y,N,NO,YES,Y,YES,Y,YES,YES,NO,2015-10-21 16:43:00.065000,,{6C0BC7CB-126E-4F99-933C-D8F546134722},N,N/A,N/A,,,,,1.0,1,1,0,0,1.0,0.0,1.0,0,0,0,0,0,0,0,0,0,1.0,0,,3.0,2.0,0,0,1.0,3.0,2.0,0,1.0,,6.0,1.15,PEDESTRIAN STREET,18.3546328508,GOOD
49,50,"(675068.8292000002, 1176521.3553)",1049,6,SL,C,G,G,,>1.5 | <3,0,4,,VF,Y,P,NO,YES,N,YES,Y,YES,NO,NO,2015-10-21 17:27:41.227000,,{E6EB2538-2DF7-4556-B376-17D4F2CEEB12},N,N/A,N/A,,,,,0.0,1,1,1,0,1.0,0.0,1.0,0,0,0,0,0,0,1,0,0,0.5,0,,3.0,2.0,0,0,1.5,3.0,2.0,0,1.5,,6.5,1.35,PEDESTRIAN STREET,12.9728642112,GOOD
50,51,"(675076.1371499998, 1176520.8105000006)",1050,6,F,C,G,G,,>1.5 | <3,0,4,,N,Y,N,NO,YES,Y,YES,Y,YES,NO,NO,2015-10-21 17:43:55.819000,,{4329B7F6-FA87-4F89-928C-A6853ED592D9},N,N/A,N/A,,,,,1.0,1,1,1,0,0.0,0.0,1.0,0,0,0,0,0,0,0,0,0,1.0,0,,4.0,1.0,0,0,1.0,4.0,1.0,0,1.0,,6.0,1.15,PEDESTRIAN STREET,6.43523254913,GOOD
51,52,"(675087.3970999997, 1176522.0924500003)",1051,6,F,C,G,G,,>1.5 | <3,0,5,,N,Y,P,NO,YES,Y,YES,Y,YES,YES,NO,2015-10-21 16:53:39.588001,,{AE961E3C-ADBB-41AC-80BE-8D6BF0EE63E5},N,N/A,N/A,,,,,0.0,1,1,0,0,0.0,0.0,1.0,0,0,0,0,0,0,0,0,0,1.0,0,,2.0,1.0,0,0,1.0,2.0,1.0,0,1.0,,4.0,0.38,PEDESTRIAN STREET,21.673072774,EXCELLENT
52,53,"(675098.6454999996, 1176523.1191499997)",1052,6,F,C,G,G,,>3,0,5,,N,Y,N,NO,YES,Y,YES,Y,YES,YES,NO,2015-10-21 16:41:43.917001,,{0C43C674-897B-4F15-AFAF-BD75158D0AAD},N,N/A,N/A,,,,,1.0,1,1,0,0,0.0,0.0,1.0,0,0,0,0,0,0,0,0,0,1.0,0,,3.0,1.0,0,0,1.0,3.0,1.0,0,1.0,,5.0,0.77,PEDESTRIAN STREET,6.89776979983,EXCELLENT
53,54,"(675143.7386999996, 1176525.6133000003)",1053,6,F,C,G,G,,>3,0,3,,N,Y,N,NO,YES,N,YES,Y,YES,YES,NO,2015-10-21 14:28:00.572000,,{69FF4EE7-F251-4BA5-BE99-92EA09E2F341},N,N/A,N/A,,,,,1.0,1,1,0,0,0.0,0.0,1.0,0,0,0,0,0,0,1,0,0,1.0,0,,3.0,1.0,0,0,2.0,3.0,1.0,0,2.0,,6.0,1.15,PEDESTRIAN STREET,12.974534445,GOOD
54,55,"(675017.6499999999, 1176526.39695)",1054,6,F,C,G,G,,>1.5 | <3,0,3,,VF,Y,P,NO,NO,Y,NO,Y,NO,YES,NO,2015-10-21 17:32:16.067001,,{C9CCCB1A-96CF-4EEC-86FC-EF244F5C13C4},N,N/A,N/A,,,,,0.0,1,1,0,0,0.0,0.0,1.0,0,0,0,0,1,0,0,1,1,0.5,0,,2.0,1.0,0,1,2.5,2.0,1.0,1,2.5,,6.5,1.35,PEDESTRIAN STREET,18.4905328455,GOOD
55,56,"(675107.4378999998, 1176530.5946500003)",1055,6,F,C,G,G,,>3,0,5,,N,Y,N,NO,YES,N,YES,Y,YES,YES,NO,2015-10-21 14:41:38.436001,,{3BA47C5A-5D18-4CC1-9FC5-91EC6EA8A7DC},N,N/A,N/A,,,,,1.0,1,1,0,0,0.0,0.0,1.0,0,0,0,0,0,0,1,0,0,1.0,0,,3.0,1.0,0,0,2.0,3.0,1.0,0,2.0,,6.0,1.15,PEDESTRIAN STREET,21.8663837906,GOOD
56,57,"(675122.4335499997, 1176523.2422500001)",1056,6,F,C,G,G,,>3,0,5,,N,Y,N,NO,YES,N,YES,Y,YES,YES,NO,2015-10-21 14:39:20.857001,,{EE072653-0EC0-4C4F-B130-07988A034E10},N,N/A,N/A,,,,,1.0,1,1,0,0,0.0,0.0,1.0,0,0,0,0,0,0,1,0,0,1.0,0,,3.0,1.0,0,0,2.0,3.0,1.0,0,2.0,,6.0,1.15,PEDESTRIAN STREET,25.2500546614,GOOD
57,58,"(675017.2116999999, 1176536.2537999991)",1057,6,F,C,G,G,,>3,0,3,,N,Y,P,NO,NO,Y,NO,Y,NO,YES,NO,2015-10-27 00:45:56.283000,,{E96E8CA7-398F-43B9-9C0E-2F9748B0F670},N,N/A,N/A,,,,,0.0,1,1,0,0,0.0,0.0,1.0,0,0,0,0,1,0,0,1,1,1.0,0,,2.0,1.0,0,1,3.0,2.0,1.0,1,3.0,,7.0,1.54,PEDESTRIAN STREET,7.1713156225,GOOD
58,59,"(675116.2568000001, 1176537.8015)",1058,6,F,C,G,G,,>3,0,3,,N,N,N,NO,NO,N,YES,Y,YES,YES,NO,2015-10-21 14:37:52.073000,,{2EC7F840-8E50-4D6F-8963-BFCD7AE623B7},N,N/A,N/A,,,,,1.0,1,1,0,0,0.0,0.0,1.0,0,0,1,0,0,0,1,1,0,1.0,0,,3.0,1.0,1,0,3.0,3.0,2.0,0,3.0,,8.0,1.92,PEDESTRIAN STREET,6.38056348752,GOOD
59,60,"(675093.9876999999, 1176533.92055)",1059,6,F,C,G,G,,>1.5 | <3,0,5,,N,Y,N,NO,YES,Y,YES,Y,YES,YES,NO,2015-10-21 16:39:52.577000,,{0928DC70-0E13-44C2-BA0A-B0209811493A},N,N/A,N/A,,,,,1.0,1,1,0,0,0.0,0.0,1.0,0,0,0,0,0,0,0,0,0,1.0,0,,3.0,1.0,0,0,1.0,3.0,1.0,0,1.0,,5.0,0.77,PEDESTRIAN STREET,16.6321608113,EXCELLENT
60,61,"(674962.1361503098, 1176500.699724035)",1060,2,F,C,P,G,>1.5,<1.5,0,2,30,VF,N,R,YES,YES,N,YES,N,NO,YES,NO,2015-10-22 04:00:00.000000,,{76453676-FD54-40E4-9DE9-6FCB1A6C2093},Y,YES,NO,0.0,0.5,0.0,1.0,0.5,0,1,0,1,0.0,0.0,1.0,1,1,1,1,1,0,1,0,0,0.5,3,1.5,1.5,3.0,2,2,4.5,3.0,5.0,2,4.5,,14.5,4.42,SIDEWALK,99.4983703986,VERY POOR
61,62,"(675056.9120499999, 1176533.70785)",1061,6,F,C,G,G,,>1.5 | <3,0,4,,N,Y,P,NO,YES,N,NO,Y,YES,YES,NO,2015-10-21 17:29:12.594000,,{B8255F68-47E7-4ED4-BE21-7A9D2474D79E},N,N/A,N/A,,,,,0.0,1,1,0,0,0.0,0.0,1.0,0,0,0,0,0,0,1,0,1,1.0,0,,2.0,1.0,0,0,3.0,2.0,1.0,0,3.0,,6.0,1.15,PEDESTRIAN STREET,31.7824124557,GOOD
62,63,"(675124.3543500002, 1176544.7023999998)",1062,6,F,C,G,G,,>3,0,3,,N,Y,N,NO,NO,N,YES,Y,YES,YES,NO,2015-10-21 14:36:20.794000,,{F60D001C-6452-4C71-A574-847B1B787237},N,N/A,N/A,,,,,1.0,1,1,0,0,0.0,0.0,1.0,0,0,0,0,0,0,1,1,0,1.0,0,,3.0,1.0,0,0,3.0,3.0,1.0,0,3.0,,7.0,1.54,PEDESTRIAN STREET,20.2992830026,GOOD
63,64,"(675137.4230499999, 1176540.1136500007)",1063,6,F,C,G,G,,>3,0,3,,N,Y,N,NO,YES,N,YES,Y,YES,YES,NO,2015-10-21 14:26:19.246001,,{79E25B3B-F955-47E5-BF4F-F920C0DDF848},N,N/A,N/A,,,,,1.0,1,1,0,0,0.0,0.0,1.0,0,0,0,0,0,0,1,0,0,1.0,0,,3.0,1.0,0,0,2.0,3.0,1.0,0,2.0,,6.0,1.15,PEDESTRIAN STREET,18.6575748778,GOOD
64,65,"(674945.3261714648, 1176547.761177597)",1064,2,F,C,P,G,<1.5,<1.5,0,2,30,N,N,R,YES,NO,N,YES,N,NO,NO,NO,2015-10-22 04:00:00.000000,,{B1170F7D-181D-441A-91B7-09DBE98D3EBA},N,N/A,N/A,1.0,0.5,,,0.5,0,1,1,1,0.0,0.0,1.0,1,0,1,1,1,0,1,1,0,1.0,3,1.5,2.5,3.0,1,2,6.0,4.0,4.0,2,6.0,,16.0,5.0,SIDEWALK,5.5723872027,
65,66,"(674942.31385, 1176548.125)",1065,5,F,O,F,G,>3,<1.5,0,3,30,N,N,R,YES,NO,N,YES,N,NO,NO,NO,2015-10-22 04:00:00.000000,,{302773BF-7F76-438D-8A89-17FE7BD11764},N,N/A,N/A,,0.5,,,0.5,0,1,1,1,0.0,,1.0,1,0,1,0,1,0,1,1,0,1.0,1,0.5,2.5,3.0,1,1,4.0,3.0,4.0,1,4.0,,12.0,3.46,MISSING CONNECTION,4.03535162055,POOR
66,67,"(674964.1739499999, 1176543.4949000003)",1066,2,F,C,G,G,>1.5,<1.5,0,1,10,N,Y,N,NO,NO,N,YES,N,NO,YES,NO,2015-10-28 01:25:03.490000,,{84737AB9-7714-4149-96D7-4C4B40FBABBE},N,YES,NO,0.0,0.0,0.0,1.0,1.0,1,1,0,1,0.0,0.0,1.0,1,0,0,1,1,0,1,1,0,1.0,0,1.0,3.0,3.0,0,2,3.0,4.0,3.0,2,3.0,,12.0,3.46,SIDEWALK,14.1527285376,POOR
67,68,"(675035.3999000001, 1176543.9759999998)",1067,6,F,C,G,G,,>3,0,4,,N,Y,P,NO,NO,Y,NO,Y,NO,YES,NO,2015-10-27 00:39:32.383000,,{94C964C0-199D-42D3-8A81-820B424E8336},N,N/A,N/A,,,,,0.0,1,1,0,0,0.0,0.0,1.0,0,0,0,0,1,0,0,1,1,1.0,0,,2.0,1.0,0,1,3.0,2.0,1.0,1,3.0,,7.0,1.54,PEDESTRIAN STREET,32.3479451043,GOOD
68,69,"(675050.6532000001, 1176549.3814000003)",1068,6,F,C,G,G,,<1.5,0,4,,N,Y,P,NO,NO,Y,NO,Y,NO,YES,NO,2015-10-27 00:07:05.051000,,{7DC21A16-71AA-44CA-B79D-24E4B5CF9799},N,N/A,N/A,,,,,0.0,1,1,0,0,0.0,0.0,1.0,1,0,0,0,1,0,0,1,1,1.0,0,,2.0,2.0,0,1,3.0,2.0,2.0,1,3.0,,8.0,1.92,PEDESTRIAN STREET,1.97160199835,GOOD
69,70,"(674940.9072000002, 1176551.3730500005)",1069,5,F,A,G,G,,>1.5 | <3,0,2,30,N,N,R,YES,NO,N,YES,N,NO,NO,NO,2015-10-23 00:32:59.846000,,{1517C2CA-8129-4F08-BA19-D12476A52329},N,NO,NO,,0.5,1.0,1.0,0.5,0,1,1,1,0.0,0.0,1.0,0,0,1,1,1,0,1,1,0,1.0,0,2.5,2.5,2.0,1,2,3.0,5.0,3.0,2,3.0,,13.0,3.85,MISSING CONNECTION,3.04377064939,POOR
70,71,"(675056.5047499998, 1176550.89035)",1070,6,SL,C,G,G,,>1.5 | <3,0,4,,N,Y,P,NO,NO,Y,NO,N,YES,YES,NO,2015-10-21 17:30:00.414000,,{249FBA23-4900-4D86-A9A4-FDD6FF022C51},N,N/A,N/A,,,,,0.0,1,1,0,1,1.0,0.0,1.0,0,0,0,0,0,0,0,1,1,1.0,0,,2.0,3.0,0,0,3.0,2.0,3.0,0,3.0,,8.0,1.92,PEDESTRIAN STREET,11.9956000609,GOOD
71,72,"(675068.4219, 1176538.5378)",1071,6,F,C,G,G,,>1.5 | <3,0,4,,VF,Y,P,NO,YES,Y,YES,Y,YES,NO,NO,2015-10-21 17:37:13.767000,,{D3D8B1F7-096E-4870-A34A-73B9EC72A7CC},N,N/A,N/A,,,,,0.0,1,1,1,0,0.0,0.0,1.0,0,0,0,0,0,0,0,0,0,0.5,0,,3.0,1.0,0,0,0.5,3.0,1.0,0,0.5,,4.5,0.58,PEDESTRIAN STREET,32.2316653267,EXCELLENT
72,73,"(674958.4079999998, 1176556.2453000005)",1072,2,F,C,G,G,<1.5,<1.5,0,2,10,N,Y,N,NO,NO,N,YES,N,NO,NO,NO,2015-10-28 01:31:57.470001,,{3ACFC026-7B24-4F36-842D-D711FF85F787},N,YES,NO,1.0,0.0,0.0,1.0,1.0,1,1,1,1,0.0,0.0,1.0,1,0,0,1,1,0,1,1,0,1.0,0,2.0,4.0,3.0,0,2,3.0,6.0,3.0,2,3.0,,14.0,4.23,SIDEWALK,0.418375381727,VERY POOR
73,74,"(674959.9773499998, 1176553.1571500003)",1073,5,F,C,G,G,>1.5,<1.5,0,2,10,N,Y,N,NO,NO,N,YES,N,NO,NO,NO,2015-10-28 01:27:45.321000,,{DE70BEF5-0510-4CFB-8E6E-14A7A2937C03},Y,YES,NO,0.0,0.0,0.0,1.0,1.0,1,1,1,1,0.0,0.0,1.0,1,1,0,1,1,0,1,1,0,1.0,0,1.0,4.0,3.0,1,2,3.0,5.0,4.0,2,3.0,,14.0,4.23,MISSING CONNECTION,6.91578129327,VERY POOR
74,75,"(674927.0544500002, 1176555.9508999996)",1074,4,F,A,P,G,,>1.5 | <3,0,2,30,VF,Y,R,YES,NO,N,YES,Y,NO,NO,NO,2015-10-23 00:30:46.295000,,{5B4DFC0D-A602-4280-A2C6-5DE4A55E4AF7},N,N/A,YES,,0.5,,0.0,0.5,0,1,1,0,0.0,0.0,1.0,0,0,0,1,1,0,1,1,0,0.5,3,0.5,2.5,1.0,0,2,5.5,3.0,1.0,2,5.5,,11.5,3.27,CROSSWALK,7.77045319494,POOR
75,76,"(675109.9512, 1176550.1400499996)",1075,6,F,C,G,G,,<1.5,0,3,,N,Y,P,NO,NO,Y,YES,Y,YES,YES,NO,2015-10-21 14:34:26.776000,,{F91053AC-3C26-452D-8C7E-AC7D29803216},N,N/A,N/A,,,,,0.0,1,1,0,0,0.0,0.0,1.0,1,0,0,0,0,0,0,1,0,1.0,0,,2.0,2.0,0,0,2.0,2.0,2.0,0,2.0,,6.0,1.15,PEDESTRIAN STREET,42.3671288027,GOOD
76,77,"(675131.4989499999, 1176553.7150499998)",1076,6,F,C,G,G,,>3,0,3,,N,Y,N,NO,NO,N,NO,Y,YES,YES,NO,2015-10-21 14:29:37.114000,,{F11E8F0F-EEF2-4123-94A3-55A6A0E700FC},N,N/A,N/A,,,,,1.0,1,1,0,0,0.0,0.0,1.0,0,0,0,0,0,0,1,1,1,1.0,0,,3.0,1.0,0,0,4.0,3.0,1.0,0,4.0,,8.0,1.92,PEDESTRIAN STREET,11.0134913481,GOOD
77,78,"(674933.8403500002, 1176558.8745499998)",1077,5,F,D/S,P,G,,<1.5,0,4,,S,N,R,YES,NO,N,YES,N,NO,NO,NO,2015-10-28 01:44:03.463002,,{87347F95-C3CD-4732-B55D-6E7307B7219B},N,N/A,N/A,,,,,0.5,0,1,1,1,0.0,2.0,1.0,1,0,1,0,1,0,1,1,0,0.0,3,,2.5,5.0,1,1,5.0,,6.0,1,5.0,,12.0,3.46,MISSING CONNECTION,7.00739077966,POOR
78,79,"(674938.6802500002, 1176556.5152500002)",1078,6,F,C,G,G,,<1.5,0,3,,N,Y,R,YES,NO,N,YES,N,NO,NO,NO,2015-10-28 01:46:11.781000,,{05BEEFD2-5E91-47AD-9499-A5462DFF81DF},N,N/A,N/A,,,,,0.5,0,1,1,1,0.0,0.0,1.0,1,0,0,0,1,0,1,1,0,1.0,0,,2.5,3.0,0,1,3.0,2.5,3.0,1,3.0,,9.5,2.5,PEDESTRIAN STREET,8.16364245791,FAIR
79,80,"(674998.1126000002, 1176536.6108)",1079,6,F,C,G,G,,<1.5,0,4,,N,Y,N,NO,NO,Y,NO,Y,NO,YES,NO,2015-10-27 01:06:26.532001,,{0393220E-AA4A-4B20-88BB-BD21EF84BC77},N,N/A,N/A,,,,,1.0,1,1,0,0,0.0,0.0,1.0,1,0,0,0,1,0,0,1,1,1.0,0,,3.0,2.0,0,1,3.0,3.0,2.0,1,3.0,,9.0,2.31,PEDESTRIAN STREET,52.976013052,FAIR
80,81,"(675071.8597499998, 1176557.6763500003)",1080,6,F,C,G,G,,>1.5 | <3,0,4,,VF,Y,N,NO,NO,Y,NO,Y,YES,NO,NO,2015-10-21 16:32:51.606000,,{0D5A856D-EC68-4C27-BFC3-08866514117D},N,N/A,N/A,,,,,1.0,1,1,1,0,0.0,0.0,1.0,0,0,0,0,0,0,0,1,1,0.5,0,,4.0,1.0,0,0,2.5,4.0,1.0,0,2.5,,7.5,1.73,PEDESTRIAN STREET,21.5797373762,GOOD
81,82,"(675086.160594162, 1176551.7749537565)",1081,6,F,C,G,G,,>1.5 | <3,0,4,,N,Y,N,NO,NO,Y,YES,N,YES,YES,NO,2015-10-21 16:36:43.863000,,{F3B2DBD4-4F63-4765-B86B-CF8AE2053E07},N,N/A,N/A,,,,,1.0,1,1,0,1,0.0,0.0,1.0,0,0,0,0,0,0,0,1,0,1.0,0,,3.0,2.0,0,0,2.0,3.0,2.0,0,2.0,,7.0,1.54,PEDESTRIAN STREET,22.3578977303,GOOD
82,83,"(674936.0679000001, 1176562.5473499997)",1082,6,F,C,G,G,,<1.5,0,3,,S,Y,R,YES,NO,N,YES,N,NO,NO,NO,2015-10-28 01:45:10.367000,,{081BC223-CEF5-4A94-95E7-31B9DF794198},N,N/A,N/A,,,,,0.5,0,1,1,1,0.0,0.0,1.0,1,0,0,0,1,0,1,1,0,0.0,0,,2.5,3.0,0,1,2.0,2.5,3.0,1,2.0,,8.5,2.12,PEDESTRIAN STREET,4.98331200717,FAIR
83,84,"(675046.4850933927, 1176558.8436470605)",1083,6,F,C,G,G,,<1.5,0,4,,N,Y,P,NO,NO,Y,NO,Y,NO,YES,NO,2015-10-27 00:04:05.654001,,{18311ED9-463A-415B-9B3D-8546BC5F302F},N,N/A,N/A,,,,,0.0,1,1,0,0,0.0,0.0,1.0,1,0,0,0,1,0,0,1,1,1.0,0,,2.0,2.0,0,1,3.0,2.0,2.0,1,3.0,,8.0,1.92,PEDESTRIAN STREET,18.7089221293,GOOD
84,85,"(674997.29085, 1176565.1347500002)",1084,6,F,C,G,G,,>3,0,4,,N,Y,P,NO,NO,Y,NO,Y,NO,YES,NO,2015-10-27 01:36:02.697000,,{DF477FC7-13F9-4850-A092-A382F8400725},N,N/A,N/A,,,,,0.0,1,1,0,0,0.0,0.0,1.0,0,0,0,0,1,0,0,1,1,1.0,0,,2.0,1.0,0,1,3.0,2.0,1.0,1,3.0,,7.0,1.54,PEDESTRIAN STREET,21.2716516151,GOOD
85,86,"(675013.7788, 1176553.5144499997)",1085,6,F,C,G,G,,>3,1,4,,N,Y,P,NO,NO,Y,NO,Y,NO,YES,NO,2015-10-27 00:34:34.514001,,{34990CC5-0D99-488B-A53B-A298AEBD8953},N,N/A,N/A,,,,,0.0,1,1,0,0,0.0,0.0,0.5,0,0,0,0,1,0,0,1,1,1.0,0,,2.0,0.5,0,1,3.0,2.0,0.5,1,3.0,,6.5,1.35,PEDESTRIAN STREET,34.4591153686,GOOD
86,87,"(675007.6592999999, 1176569.6406500004)",1086,6,F,C,G,G,,>3,0,4,,N,Y,N,NO,NO,Y,NO,Y,NO,YES,NO,2015-10-27 00:30:03.845001,,{0726D0DF-8C75-4CBE-87E2-349DF9F15D71},N,N/A,N/A,,,,,1.0,1,1,0,0,0.0,0.0,1.0,0,0,0,0,1,0,0,1,1,1.0,0,,3.0,1.0,0,1,3.0,3.0,1.0,1,3.0,,8.0,1.92,PEDESTRIAN STREET,1.33877874549,GOOD
87,88,"(675047.8810999999, 1176569.7032000003)",1087,6,SL,C,G,G,,<1.5,0,4,,N,Y,N,NO,NO,Y,NO,N,NO,YES,NO,2015-10-21 16:28:19.183000,,{0B5B4EEC-1079-4F95-841C-C6C84333AC81},N,N/A,N/A,,,,,1.0,1,1,0,1,1.0,0.0,1.0,1,0,0,0,1,0,0,1,1,1.0,0,,3.0,4.0,0,1,3.0,3.0,4.0,1,3.0,,11.0,3.08,PEDESTRIAN STREET,11.3795335742,POOR
88,89,"(674944.01615, 1176568.7048499994)",1088,6,F,D/S,P,G,,<1.5,0,3,,D,N,N,YES,NO,N,YES,N,NO,NO,NO,2015-10-28 01:37:48.362000,Missing walkway concrete,{8CC073DA-2701-410C-9B89-EF1CC3BB5B46},N,N/A,N/A,,,,,1.0,0,1,1,1,0.0,2.0,1.0,1,0,1,0,1,0,1,1,0,0.0,3,,3.0,5.0,1,1,5.0,3.0,6.0,1,5.0,,15.0,4.62,PEDESTRIAN STREET,19.4813671494,VERY POOR
89,90,"(674956.6697598262, 1176564.1058789948)",1089,2,F,C,F,G,<1.5,<1.5,0,4,10,N,Y,N,NO,NO,N,YES,N,NO,NO,NO,2015-10-28 01:36:38.104000,,{B7D0B0BE-3F9D-46BF-B8C3-BC2CC65068BB},N,YES,NO,1.0,0.0,0.0,1.0,1.0,1,1,1,1,0.0,0.0,1.0,1,0,0,0,1,0,1,1,0,1.0,1,2.0,4.0,3.0,0,1,4.0,6.0,3.0,1,4.0,,14.0,4.23,SIDEWALK,18.6136267533,VERY POOR
90,91,"(674984.6094499999, 1176567.6161000002)",1090,6,F,C,G,G,,<1.5,0,4,,N,Y,N,NO,NO,Y,NO,Y,NO,YES,NO,2015-10-27 01:17:17.006000,,{C5042803-F357-4308-93E2-FD9635BC67DC},N,N/A,N/A,,,,,1.0,1,1,0,0,0.0,0.0,1.0,1,0,0,0,1,0,0,1,1,1.0,0,,3.0,2.0,0,1,3.0,3.0,2.0,1,3.0,,9.0,2.31,PEDESTRIAN STREET,14.6601810469,FAIR
91,92,"(674999.5847499999, 1176572.2605999997)",1091,6,F,C,G,G,,<1.5,0,3,,N,Y,P,NO,NO,Y,NO,Y,NO,YES,NO,2015-10-27 02:36:15.936000,,{78593FE1-0F73-4F53-AC13-CF9DDE3975F9},Y,N/A,N/A,,,,,0.0,1,1,0,0,0.0,0.0,1.0,1,1,0,0,1,0,0,1,1,1.0,0,,2.0,2.0,1,1,3.0,2.0,3.0,1,3.0,,9.0,2.31,PEDESTRIAN STREET,14.0932256359,FAIR
92,93,"(675007.1600297617, 1176572.4891128337)",1092,6,F,C,G,G,,<1.5,0,4,,N,Y,P,NO,NO,Y,NO,Y,NO,YES,NO,2015-10-27 02:35:32.290000,,{198832E2-E10B-48FF-B155-AA9BE19DFEB9},N,N/A,N/A,,,,,0.0,1,1,0,0,0.0,0.0,1.0,1,0,0,0,1,0,0,1,1,1.0,0,,2.0,2.0,0,1,3.0,2.0,2.0,1,3.0,,8.0,1.92,PEDESTRIAN STREET,5.62276544086,GOOD
93,94,"(674951.7348500001, 1176574.7890999997)",1093,5,F,C,G,G,<1.5,<1.5,0,3,10,N,Y,N,NO,NO,N,NO,Y,NO,NO,NO,2015-10-27 04:00:00.000000,,{C45ECC73-7852-4D78-BC54-7138151EEEA1},N,YES,NO,1.0,0.0,0.0,1.0,1.0,1,1,1,0,0.0,0.0,1.0,1,0,0,0,1,0,1,1,1,1.0,0,2.0,4.0,2.0,0,1,4.0,6.0,2.0,1,4.0,,13.0,3.85,MISSING CONNECTION,5.05412477182,POOR
94,95,"(674985.6332999999, 1176575.9935999997)",1094,6,F,C,F,G,,<1.5,0,4,,N,Y,N,NO,NO,N,NO,Y,NO,YES,NO,2015-10-27 01:37:55.328000,,{B07AD293-104C-4664-A9F2-5162AFFF04E8},N,N/A,N/A,,,,,1.0,1,1,0,0,0.0,0.0,1.0,1,0,0,0,1,0,1,1,1,1.0,1,,3.0,2.0,0,1,5.0,3.0,2.0,1,5.0,,11.0,3.08,PEDESTRIAN STREET,8.56831626348,POOR
95,96,"(674991.35335, 1176573.5505999997)",1095,6,F,C,G,G,,<1.5,0,3,,N,Y,N,NO,NO,Y,NO,Y,NO,YES,NO,2015-10-27 02:32:54.833000,,{1E68C971-CD11-4B14-AC54-871FAEFDBE02},N,N/A,N/A,,,,,1.0,1,1,0,0,0.0,0.0,1.0,1,0,0,0,1,0,0,1,1,1.0,0,,3.0,2.0,0,1,3.0,3.0,2.0,1,3.0,,9.0,2.31,PEDESTRIAN STREET,8.93116329013,FAIR
96,97,"(675059.6558499997, 1176574.9418000001)",1096,6,F,C,G,G,,<1.5,0,4,,N,Y,N,NO,NO,Y,NO,N,NO,YES,NO,2015-10-21 16:26:03.955000,,{9792B200-2F13-41F4-A7E9-929C74198C4F},N,N/A,N/A,,,,,1.0,1,1,0,1,0.0,0.0,1.0,1,0,0,0,1,0,0,1,1,1.0,0,,3.0,3.0,0,1,3.0,3.0,3.0,1,3.0,,10.0,2.69,PEDESTRIAN STREET,14.3954673002,FAIR
97,98,"(675073.9804499997, 1176569.9527500002)",1097,6,F,C,G,G,,>3,0,4,,N,Y,N,NO,NO,N,NO,Y,YES,NO,NO,2015-10-21 16:29:50.850000,,{F5BE2DC7-7D2A-4D71-B7E5-3F15F5D49708},N,N/A,N/A,,,,,1.0,1,1,1,0,0.0,0.0,1.0,0,0,0,0,0,0,1,1,1,1.0,0,,4.0,1.0,0,0,4.0,4.0,1.0,0,4.0,,9.0,2.31,PEDESTRIAN STREET,22.15236134,FAIR
98,99,"(675040.2516000001, 1176574.3861999996)",1098,6,F,C,G,G,,>3,0,5,,N,Y,P,NO,NO,Y,NO,Y,NO,YES,NO,2015-10-27 00:11:18.488001,,{5B40B4B4-8CE3-483F-9A11-0AA2C267E124},N,N/A,N/A,,,,,0.0,1,1,0,0,0.0,0.0,1.0,0,0,0,0,1,0,0,1,1,1.0,0,,2.0,1.0,0,1,3.0,2.0,1.0,1,3.0,,7.0,1.54,PEDESTRIAN STREET,14.8122893079,GOOD
99,100,"(674925.4174500001, 1176569.5695000002)",1099,2,F,C,G,G,0,<1.5,0,3,30,D,Y,R,YES,NO,N,YES,Y,NO,NO,NO,2015-10-23 00:29:01.057001,,{00B59CC6-5821-473B-A6C3-67DB77E1E945},N,NO,YES,2.0,0.5,1.0,0.0,0.5,0,1,1,0,0.0,0.0,1.0,1,0,0,0,1,0,1,1,0,0.0,0,3.5,2.5,2.0,0,1,2.0,6.0,2.0,1,2.0,,11.0,3.08,SIDEWALK,26.3098001689,POOR
100,101,"(675022.84075, 1176576.2380500007)",1100,6,F,C,G,G,,>3,0,4,,N,Y,P,NO,NO,Y,NO,Y,NO,YES,NO,2015-10-27 00:25:56.959000,,{12800F95-7A24-4A97-B685-46EA7B3FC471},N,N/A,N/A,,,,,0.0,1,1,0,0,0.0,0.0,1.0,0,0,0,0,1,0,0,1,1,1.0,0,,2.0,1.0,0,1,3.0,2.0,1.0,1,3.0,,7.0,1.54,PEDESTRIAN STREET,31.7672394969,GOOD
101,102,"(675037.6144500002, 1176581.9753)",1101,6,F,C,G,G,,>3,0,4,,N,Y,P,NO,NO,Y,NO,Y,NO,YES,NO,2015-10-27 00:14:46.197001,,{A33BCA4D-40B7-49B7-AC0B-631BF5E12F15},N,N/A,N/A,,,,,0.0,1,1,0,0,0.0,0.0,1.0,0,0,0,0,1,0,0,1,1,1.0,0,,2.0,1.0,0,1,3.0,2.0,1.0,1,3.0,,7.0,1.54,PEDESTRIAN STREET,1.25618901985,GOOD
102,103,"(675015.3377, 1176579.1109499997)",1102,6,F,C,G,G,,<1.5,0,3,,N,Y,P,NO,NO,Y,NO,Y,NO,YES,NO,2015-10-27 02:36:51.952001,,{C43263C3-28FC-4617-A31F-CCC0CD3E614A},Y,N/A,N/A,,,,,0.0,1,1,0,0,0.0,0.0,1.0,1,1,0,0,1,0,0,1,1,1.0,0,,2.0,2.0,1,1,3.0,2.0,3.0,1,3.0,,9.0,2.31,PEDESTRIAN STREET,20.2627187597,FAIR
103,104,"(675042.4501499999, 1176583.4416999994)",1103,6,F,C,G,G,,>1.5 | <3,0,5,,N,Y,P,NO,NO,Y,NO,N,NO,YES,NO,2015-10-27 00:13:32.188000,,{A0BC170A-C222-48DC-AF0F-B6259268EDE9},N,N/A,N/A,,,,,0.0,1,1,0,1,0.0,0.0,1.0,0,0,0,0,1,0,0,1,1,1.0,0,,2.0,2.0,0,1,3.0,2.0,2.0,1,3.0,,8.0,1.92,PEDESTRIAN STREET,10.1341200487,GOOD
104,105,"(675050.0796499997, 1176578.7587000001)",1104,6,F,C,G,G,,>1.5 | <3,0,5,,N,Y,N,NO,NO,Y,NO,N,NO,YES,NO,2015-10-21 16:18:24.109000,,{983CC389-F1D1-48BA-BD93-366F6FC3BB20},N,N/A,N/A,,,,,1.0,1,1,0,1,0.0,0.0,1.0,0,0,0,0,1,0,0,1,1,1.0,0,,3.0,2.0,0,1,3.0,3.0,2.0,1,3.0,,9.0,2.31,PEDESTRIAN STREET,14.7599055938,FAIR
105,106,"(674948.6035500001, 1176581.5034999996)",1105,2,F,C,G,G,<1.5,<1.5,0,2,10,D,Y,N,NO,NO,N,NO,N,NO,NO,NO,2015-10-27 04:00:00.000000,,{B52FB431-8FB9-4DF9-A255-5007DAE0BAF9},N,YES,NO,1.0,0.0,0.0,1.0,1.0,1,1,1,1,0.0,0.0,1.0,1,0,0,1,1,0,1,1,1,0.0,0,2.0,4.0,3.0,0,2,3.0,6.0,3.0,2,3.0,,14.0,4.23,SIDEWALK,9.78055721155,VERY POOR
106,107,"(674919.2695499999, 1176583.8389000008)",1106,2,F,C,G,G,0,<1.5,1,3,30,N,Y,R,NO,NO,N,NO,Y,NO,NO,NO,2015-10-22 20:54:38.519000,,{43FB5339-F6F3-4FB6-87AC-F5A869DEFD57},N,N/A,YES,2.0,0.5,,0.0,0.5,1,1,1,0,0.0,0.0,0.5,1,0,0,0,1,0,1,1,1,1.0,0,2.5,3.5,1.5,0,1,4.0,6.0,1.5,1,4.0,,12.5,3.65,SIDEWALK,4.76510615705,POOR
107,108,"(674946.1323500001, 1176587.3225999996)",1107,2,F,C,G,G,<1.5,<1.5,0,2,10,N,Y,N,NO,NO,N,NO,N,NO,NO,NO,2015-10-27 04:00:00.000000,,{0070C123-16CE-40A1-B6FD-098C8047691B},N,YES,NO,1.0,0.0,0.0,1.0,1.0,1,1,1,1,0.0,0.0,1.0,1,0,0,1,1,0,1,1,1,1.0,0,2.0,4.0,3.0,0,2,4.0,6.0,3.0,2,4.0,,15.0,4.62,SIDEWALK,2.86361207747,VERY POOR
108,109,"(675051.1475499999, 1176587.3112499993)",1108,6,F,C,G,G,,>1.5 | <3,0,5,,N,Y,P,NO,NO,Y,NO,Y,NO,YES,NO,2015-10-21 04:00:00.000000,,{49CB3884-86A1-4010-B7CC-F6DA45179903},N,N/A,N/A,,,,,0.0,1,1,0,0,0.0,0.0,1.0,0,0,0,0,1,0,0,1,1,1.0,0,,2.0,1.0,0,1,3.0,2.0,1.0,1,3.0,,7.0,1.54,PEDESTRIAN STREET,8.90459671097,GOOD
109,110,"(675060.7237499999, 1176583.4943499994)",1109,6,F,C,G,G,,>3,0,4,,N,Y,N,NO,NO,N,NO,Y,NO,NO,NO,2015-10-21 16:24:33.431000,,{CA0D141A-1655-4DEA-8670-219594F10A7C},N,N/A,N/A,,,,,1.0,1,1,1,0,0.0,0.0,1.0,0,0,0,0,1,0,1,1,1,1.0,0,,4.0,1.0,0,1,4.0,4.0,1.0,1,4.0,,10.0,2.69,PEDESTRIAN STREET,15.7482996264,FAIR
110,111,"(674978.2590000001, 1176582.1975499997)",1110,6,F,C,G,G,,<1.5,0,4,,N,Y,N,NO,NO,Y,NO,Y,NO,YES,NO,2015-10-27 01:26:26.375000,,{469B1C0F-25D0-460A-A032-B9C3B8897654},N,N/A,N/A,,,,,1.0,1,1,0,0,0.0,0.0,1.0,1,0,0,0,1,0,0,1,1,1.0,0,,3.0,2.0,0,1,3.0,3.0,2.0,1,3.0,,9.0,2.31,PEDESTRIAN STREET,17.1484278059,FAIR
111,112,"(674978.7857500003, 1176591.7887499994)",1111,6,F,C,G,G,,>3,0,4,,N,Y,N,NO,NO,N,NO,Y,NO,YES,NO,2015-10-27 01:39:21.964000,,{280C56D1-F2FC-44C2-B0F0-F9CA646B0DCC},N,N/A,N/A,,,,,1.0,1,1,0,0,0.0,0.0,1.0,0,0,0,0,1,0,1,1,1,1.0,0,,3.0,1.0,0,1,4.0,3.0,1.0,1,4.0,,9.0,2.31,PEDESTRIAN STREET,8.62523834943,FAIR
112,113,"(674986.1600500001, 1176585.5847999994)",1112,6,F,C,G,G,,<1.5,0,4,,N,Y,N,NO,NO,Y,NO,Y,NO,YES,NO,2015-10-27 02:30:58.318001,,{BAF7E4ED-A1C7-40D1-A3CD-318BAEC3D009},N,N/A,N/A,,,,,1.0,1,1,0,0,0.0,0.0,1.0,1,0,0,0,1,0,0,1,1,1.0,0,,3.0,2.0,0,1,3.0,3.0,2.0,1,3.0,,9.0,2.31,PEDESTRIAN STREET,17.2827516806,FAIR
113,114,"(674982.2019000002, 1176594.7567499997)",1113,6,F,C,G,G,,<1.5,0,3,,N,Y,N,NO,NO,Y,NO,Y,NO,YES,NO,2015-10-27 02:29:15.422001,,{6324F324-30BF-485F-963E-810979D40A34},N,N/A,N/A,,,,,1.0,1,1,0,0,0.0,0.0,1.0,1,0,0,0,1,0,0,1,1,1.0,0,,3.0,2.0,0,1,3.0,3.0,2.0,1,3.0,,9.0,2.31,PEDESTRIAN STREET,2.69639927532,FAIR
114,115,"(674929.6788499998, 1176589.1335500004)",1114,2,F,C,G,G,>3,<1.5,1,3,OTHER,D,Y,P,NO,NO,N,NO,Y,NO,NO,NO,2015-10-22 20:52:52.700000,,{CD4BDB2D-A94F-4C80-9571-90D59523BB6C},N,YES,YES,,0.5,0.0,0.0,0.0,1,1,1,0,0.0,0.0,0.5,1,0,0,0,1,0,1,1,1,0.0,0,0.5,3.0,1.5,0,1,3.0,3.5,1.5,1,3.0,,9.0,2.31,SIDEWALK,24.1335547699,FAIR
115,116,"(674945.4786854932, 1176591.8332582852)",1115,5,F,A,G,G,,<1.5,1,3,10,S,Y,P,NO,NO,N,NO,Y,NO,NO,NO,2015-10-27 04:00:00.000000,,{9CF61721-183A-41A6-8406-C638F879DF03},N,NO,NO,,0.0,1.0,1.0,0.0,1,1,1,0,0.0,0.0,0.5,1,0,0,0,1,0,1,1,1,0.0,0,2.0,3.0,1.5,0,1,3.0,5.0,1.5,1,3.0,,10.5,2.88,MISSING CONNECTION,17.4504642851,FAIR
116,117,"(674916.0824051283, 1176591.5286683755)",1116,5,F,A,G,G,,<1.5,2,2,30,N,N,R,NO,NO,N,NO,Y,NO,NO,NO,2015-10-22 20:49:35.112000,,{3ECC8B3A-2ECB-4249-9635-0A973C176682},N,N/A,YES,,0.5,,0.0,0.5,1,1,1,0,0.0,0.0,0.0,1,0,1,1,1,0,1,1,1,1.0,0,0.5,3.5,1.0,1,2,4.0,4.0,2.0,2,4.0,,12.0,3.46,MISSING CONNECTION,11.8837216877,POOR
117,118,"(675019.2178500001, 1176595.6892499998)",1117,6,F,C,G,G,,<1.5,0,3,,N,Y,P,NO,NO,Y,NO,Y,NO,YES,NO,2015-10-26 04:00:00.000000,,{47AB5967-8E83-471A-A682-EFAAB8E3D405},Y,N/A,N/A,,,,,0.0,1,1,0,0,0.0,0.0,1.0,1,1,0,0,1,0,0,1,1,1.0,0,,2.0,2.0,1,1,3.0,2.0,3.0,1,3.0,,9.0,2.31,PEDESTRIAN STREET,27.3114564503,FAIR
118,119,"(675031.4637500001, 1176595.9300000006)",1118,6,F,C,G,G,,>3,0,4,,N,Y,P,NO,NO,Y,NO,Y,NO,YES,NO,2015-10-27 02:43:20.654001,,{4E1389B9-2469-4BC4-9696-505E609EB799},N,N/A,N/A,,,,,0.0,1,1,0,0,0.0,0.0,1.0,0,0,0,0,1,0,0,1,1,1.0,0,,2.0,1.0,0,1,3.0,2.0,1.0,1,3.0,,7.0,1.54,PEDESTRIAN STREET,29.2482262477,GOOD
119,120,"(674997.4396577554, 1176602.8009320288)",1119,6,F,C,G,G,,<1.5,0,2,,N,Y,N,NO,NO,Y,NO,N,NO,YES,NO,2015-10-27 02:05:42.647000,,{169D680F-23B4-49F4-A092-DF6A2C61138E},Y,N/A,N/A,,,,,1.0,1,1,0,1,0.0,0.0,1.0,1,1,0,1,1,0,0,1,1,1.0,0,,3.0,3.0,1,2,3.0,3.0,4.0,2,3.0,,12.0,3.46,PEDESTRIAN STREET,34.3558325254,POOR
120,121,"(675013.50935, 1176608.9172999999)",1120,6,F,C,G,G,,<1.5,0,3,,N,Y,N,NO,NO,N,NO,N,NO,YES,NO,2015-10-27 02:28:08.191000,,{E0363129-9002-4986-9C30-FF42F4972A19},N,N/A,N/A,,,,,1.0,1,1,0,1,0.0,0.0,1.0,1,0,0,0,1,0,1,1,1,1.0,0,,3.0,3.0,0,1,4.0,3.0,3.0,1,4.0,,11.0,3.08,PEDESTRIAN STREET,1.50300374319,POOR
121,122,"(674970.5114000002, 1176599.9871999994)",1121,6,F,C,G,G,,<1.5,0,2,,N,Y,N,NO,NO,Y,NO,Y,NO,YES,YES,2015-10-27 01:28:25.001000,,{5CEA7810-C33F-4BFE-A6F7-D12BE4BF1F2F},N,N/A,N/A,,,,,1.0,1,0,0,0,0.0,0.0,1.0,1,0,0,1,1,0,0,1,1,1.0,0,,2.0,2.0,0,2,3.0,2.0,2.0,2,3.0,,9.0,2.31,PEDESTRIAN STREET,21.6586309784,FAIR
122,123,"(675018.9026529356, 1176610.4686933262)",1122,6,F,C,G,G,,<1.5,0,4,,O,Y,P,NO,NO,N,NO,Y,NO,YES,NO,2015-10-27 02:41:23.561000,,{81DE3D5F-A80E-4086-BA2E-E4F062A6AA09},N,N/A,N/A,,,,,0.0,1,1,0,0,0.0,0.0,1.0,1,0,0,0,1,0,1,1,1,,0,,2.0,2.0,0,1,3.0,2.0,2.0,1,3.0,,8.0,1.92,PEDESTRIAN STREET,11.1334637499,GOOD
123,124,"(675024.7587000001, 1176611.0007500006)",1123,6,F,C,G,G,,>3,0,4,,N,Y,P,NO,NO,Y,NO,Y,NO,YES,NO,2015-10-27 02:45:51.965000,,{D67C1E8D-8A5A-4EE8-A9C3-70A5044E4E77},N,N/A,N/A,,,,,0.0,1,1,0,0,0.0,0.0,1.0,0,0,0,0,1,0,0,1,1,1.0,0,,2.0,1.0,0,1,3.0,2.0,1.0,1,3.0,,7.0,1.54,PEDESTRIAN STREET,3.74178442605,GOOD
124,125,"(675030.1003, 1176611.3295999998)",1124,6,F,C,G,G,,>1.5 | <3,0,5,,N,Y,P,NO,NO,Y,NO,Y,NO,YES,YES,2015-10-27 02:44:05.688000,,{D4C8540A-C4FE-457F-A4E8-11A15BF3F12C},N,N/A,N/A,,,,,0.0,1,0,0,0,0.0,0.0,1.0,0,0,0,0,1,0,0,1,1,1.0,0,,1.0,1.0,0,1,3.0,1.0,1.0,1,3.0,,6.0,1.15,PEDESTRIAN STREET,10.0281077872,GOOD
125,126,"(675040.8805499999, 1176599.4345999993)",1125,6,F,C,G,G,,>1.5 | <3,0,6,,N,Y,N,NO,NO,Y,NO,N,NO,YES,YES,2015-10-21 16:12:44.411001,,{887191CC-5467-44E3-858D-8BB070210F54},N,N/A,N/A,,,,,1.0,1,0,0,1,0.0,0.0,1.0,0,0,0,0,1,0,0,1,1,1.0,0,,2.0,2.0,0,1,3.0,2.0,2.0,1,3.0,,8.0,1.92,PEDESTRIAN STREET,30.500067079,GOOD
126,127,"(674909.8525, 1176606.1272)",1126,2,F,C,F,G,0,<1.5,2,3,30,VF,Y,R,NO,NO,N,NO,Y,NO,NO,NO,2015-10-22 20:44:49.821000,,{50649120-8D64-4BD2-A762-B24717E06CF3},Y,NO,YES,2.0,0.5,1.0,0.0,0.5,1,1,1,0,0.0,0.0,0.0,1,1,0,0,1,0,1,1,1,0.5,1,3.5,3.5,1.0,1,1,4.5,7.0,2.0,1,4.5,,14.5,4.42,SIDEWALK,19.8632675752,VERY POOR
127,128,"(674905.5532000001, 1176615.9392)",1127,2,F,C,G,G,0,<1.5,0,4,30,N,Y,R,NO,NO,N,NO,Y,NO,NO,NO,2015-10-22 04:00:00.000000,,{9269DA63-DF4F-4556-A8D2-3BB6D19E2300},N,N/A,N/A,2.0,0.5,,,0.5,1,1,1,0,0.0,0.0,1.0,1,0,0,0,1,0,1,1,1,1.0,0,2.5,3.5,2.0,0,1,4.0,6.0,2.0,1,4.0,,13.0,3.85,SIDEWALK,1.56188815297,POOR
128,129,"(675038.7611000002, 1176615.1828999994)",1128,6,F,C,G,G,,>1.5 | <3,0,5,,N,Y,P,NO,NO,Y,NO,N,NO,NO,YES,2015-10-21 16:20:17.761000,,{5A8BFB3B-A51C-4609-A4C8-B55E9C980ED0},N,N/A,N/A,,,,,0.0,1,0,1,1,0.0,0.0,1.0,0,0,0,0,1,0,0,1,1,1.0,0,,2.0,2.0,0,1,3.0,2.0,2.0,1,3.0,,8.0,1.92,PEDESTRIAN STREET,8.9305184848,GOOD
129,130,"(675049.0281000002, 1176603.0595499994)",1129,6,F,C,G,G,,>3,0,4,,VF,Y,N,NO,NO,N,NO,Y,NO,NO,YES,2015-10-21 16:03:12.978000,,{6BDCD51E-81E4-4F28-BDEC-F7877A710E88},N,N/A,N/A,,,,,1.0,1,0,1,0,0.0,0.0,1.0,0,0,0,0,1,0,1,1,1,0.5,0,,3.0,1.0,0,1,3.5,3.0,1.0,1,3.5,,8.5,2.12,PEDESTRIAN STREET,30.5000373572,FAIR
130,131,"(674944.26535, 1176607.0048500001)",1130,5,F,C,G,G,,<1.5,0,3,10,S,Y,P,NO,NO,N,NO,Y,NO,NO,YES,2015-10-27 04:00:00.000000,,{6BC5C985-A022-4F88-A832-129C36F71942},N,N/A,YES,,0.0,,0.0,0.0,1,0,1,0,0.0,0.0,1.0,1,0,0,0,1,0,1,1,1,0.0,0,0.0,2.0,2.0,0,1,3.0,2.0,2.0,1,3.0,,8.0,1.92,MISSING CONNECTION,23.163407272,GOOD
131,132,"(674908.9298, 1176616.5669)",1131,6,F,C,G,G,,<1.5,0,4,,N,Y,N,NO,NO,N,NO,N,NO,NO,YES,2015-10-27 04:00:00.000000,,{5DF204AF-5AF4-4F09-A435-D89BAC8C09E7},N,N/A,N/A,,,,,1.0,1,0,1,1,0.0,0.0,1.0,1,0,0,0,1,0,1,1,1,1.0,0,,3.0,3.0,0,1,4.0,3.0,3.0,1,4.0,,11.0,3.08,PEDESTRIAN STREET,6.68934772286,POOR
132,133,"(674913.3424999998, 1176614.7128499998)",1132,6,F,C,G,G,,<1.5,0,3,,N,Y,P,NO,NO,N,NO,N,NO,NO,YES,2015-10-27 04:00:00.000000,,{909C76E3-A9F0-45BF-9A2E-2B1D7F7139DC},N,N/A,N/A,,,,,0.0,1,0,1,1,0.0,0.0,1.0,1,0,0,0,1,0,1,1,1,1.0,0,,2.0,3.0,0,1,4.0,2.0,3.0,1,4.0,,10.0,2.69,PEDESTRIAN STREET,6.94039738228,FAIR
133,134,"(674908.3126499997, 1176618.0017499998)",1133,6,F,C,G,G,,<1.5,0,3,,VF,Y,N,NO,NO,N,NO,N,NO,NO,YES,2015-10-27 04:00:00.000000,,{18765696-86A7-42A0-9B50-AC5661EF992B},N,N/A,N/A,,,,,1.0,1,0,1,1,0.0,0.0,1.0,1,0,0,0,1,0,1,1,1,0.5,0,,3.0,3.0,0,1,3.5,3.0,3.0,1,3.5,,10.5,2.88,PEDESTRIAN STREET,6.71043655353,FAIR
134,135,"(674911.6892499998, 1176618.62945)",1134,6,F,C,G,G,,<1.5,0,4,,N,Y,N,NO,NO,N,NO,N,NO,NO,YES,2015-10-27 04:00:00.000000,,{F7E60DC6-23AB-4020-82EC-1E59DA1EE739},N,N/A,N/A,,,,,1.0,1,0,1,1,0.0,0.0,1.0,1,0,0,0,1,0,1,1,1,1.0,0,,3.0,3.0,0,1,4.0,3.0,3.0,1,4.0,,11.0,3.08,PEDESTRIAN STREET,1.56207075942,POOR
135,136,"(674929.5479000001, 1176617.9626499992)",1135,6,F,C,G,G,,<1.5,0,3,,N,Y,P,NO,NO,N,NO,Y,NO,NO,YES,2015-10-27 04:00:00.000000,,{E50AA9E8-1BE9-442F-8245-3915D5EBD622},Y,N/A,N/A,,,,,0.0,1,0,1,0,0.0,0.0,1.0,1,1,0,0,1,0,1,1,1,1.0,0,,2.0,2.0,1,1,4.0,2.0,3.0,1,4.0,,10.0,2.69,PEDESTRIAN STREET,32.3888647372,FAIR
136,137,"(674910.2040499998, 1176622.148)",1136,6,F,C,G,G,,<1.5,0,3,,VF,Y,N,NO,NO,N,NO,N,NO,NO,YES,2015-10-27 04:00:00.000000,,{8E66CA2E-8EF2-4443-9755-83775632FBA0},N,N/A,N/A,,,,,1.0,1,0,1,1,0.0,0.0,1.0,1,0,0,0,1,0,1,1,1,0.5,0,,3.0,3.0,0,1,3.5,3.0,3.0,1,3.5,,10.5,2.88,PEDESTRIAN STREET,6.07625710642,FAIR
137,138,"(674945.2847000002, 1176624.7917499999)",1137,6,F,C,G,G,,<1.5,0,4,,N,Y,P,NO,NO,N,NO,Y,NO,NO,YES,2015-10-27 04:00:00.000000,,{3BED21BE-C2D4-4D05-910B-E1C11B737921},N,N/A,N/A,,,,,0.0,1,0,1,0,0.0,0.0,1.0,1,0,0,0,1,0,1,1,1,1.0,0,,2.0,2.0,0,1,4.0,2.0,2.0,1,4.0,,9.0,2.31,PEDESTRIAN STREET,1.92052063006,FAIR
138,139,"(674947.7754500001, 1176621.2837000005)",1138,6,F,C,G,G,,>1.5 | <3,0,3,,N,Y,P,NO,NO,Y,NO,Y,NO,NO,YES,2015-10-27 04:00:00.000000,,{B784DC6E-3213-443D-8441-141F02E54A89},N,N/A,N/A,,,,,0.0,1,0,1,0,0.0,0.0,1.0,0,0,0,0,1,0,0,1,1,1.0,0,,2.0,1.0,0,1,3.0,2.0,1.0,1,3.0,,7.0,1.54,PEDESTRIAN STREET,8.42046343465,GOOD
139,140,"(674923.3756194268, 1176631.7152291553)",1139,6,F,C,G,G,,<1.5,0,3,,N,Y,P,NO,NO,N,NO,N,NO,NO,YES,2015-10-27 04:00:00.000000,,{024F32E7-5C28-4906-A051-F45B0CD806A5},N,N/A,N/A,,,,,0.0,1,0,1,1,0.0,0.0,1.0,1,0,0,0,1,0,1,1,1,1.0,0,,2.0,3.0,0,1,4.0,2.0,3.0,1,4.0,,10.0,2.69,PEDESTRIAN STREET,32.7743095487,FAIR
140,141,"(674941.3707709757, 1176631.3339091875)",1140,6,F,C,G,G,,<1.5,0,4,,N,Y,P,NO,NO,Y,NO,Y,NO,NO,YES,2015-10-27 04:00:00.000000,,{B5C0E01A-A2D8-4812-B085-15350B5D7287},N,N/A,N/A,,,,,0.0,1,0,1,0,0.0,0.0,1.0,1,0,0,0,1,0,0,1,1,1.0,0,,2.0,2.0,0,1,3.0,2.0,2.0,1,3.0,,8.0,1.92,PEDESTRIAN STREET,15.1190882896,GOOD
141,142,"(674939.3609500001, 1176638.7016000003)",1141,6,F,C,G,G,,<1.5,0,4,,N,Y,P,NO,NO,N,NO,Y,NO,NO,YES,2015-10-27 04:00:00.000000,,{83D60F9E-51BA-43AE-9646-F201F5A02A4E},N,N/A,N/A,,,,,0.0,1,0,1,0,0.0,0.0,1.0,1,0,0,0,1,0,1,1,1,1.0,0,,2.0,2.0,0,1,4.0,2.0,2.0,1,4.0,,9.0,2.31,PEDESTRIAN STREET,2.23029634999,FAIR
142,143,"(674943.2749000001, 1176632.1594500002)",1142,6,F,C,G,G,,>1.5 | <3,0,4,,N,Y,P,NO,NO,N,NO,N,NO,NO,YES,2015-10-27 04:00:00.000000,,{2B73D79F-5A9D-491D-A62D-41CA07CE620B},N,N/A,N/A,,,,,0.0,1,0,1,1,0.0,0.0,1.0,0,0,0,0,1,0,1,1,1,1.0,0,,2.0,2.0,0,1,4.0,2.0,2.0,1,4.0,,9.0,2.31,PEDESTRIAN STREET,15.1198754209,FAIR
143,144,"(674957.98, 1176639.8500000006)",1143,6,F,C,G,G,,<1.5,0,1,,N,Y,N,NO,NO,Y,NO,Y,NO,NO,YES,2015-10-27 04:00:00.000000,,{26E3F1ED-D1D6-4089-9FE6-71B12DE812F5},N,N/A,N/A,,,,,1.0,1,0,1,0,0.0,0.0,1.0,1,0,0,1,1,0,0,1,1,1.0,0,,3.0,2.0,0,2,3.0,3.0,2.0,2,3.0,,10.0,2.69,PEDESTRIAN STREET,6.80310686725,FAIR
144,145,"(675017.8624739306, 1176628.3048278128)",1144,6,F,C,G,G,,>3,0,3,,N,Y,P,NO,YES,Y,NO,Y,NO,YES,YES,2015-10-27 02:48:07.043000,,{8DF04F41-395E-4140-A462-F9FC664B4BEB},N,N/A,N/A,,,,,0.0,1,0,0,0,0.0,0.0,1.0,0,0,0,0,1,0,0,0,1,1.0,0,,1.0,1.0,0,1,2.0,1.0,1.0,1,2.0,,5.0,0.77,PEDESTRIAN STREET,34.9926034208,EXCELLENT
145,146,"(675018.1918500001, 1176643.5154999997)",1145,6,F,C,G,G,,>3,0,3,,N,Y,P,NO,YES,Y,YES,Y,NO,NO,YES,2015-10-27 02:50:00.655000,,{BEFBAED3-7F94-4A97-B6BE-E0F748705EB6},N,N/A,N/A,,,,,0.0,1,0,1,0,0.0,0.0,1.0,0,0,0,0,1,0,0,0,0,1.0,0,,2.0,1.0,0,1,1.0,2.0,1.0,1,1.0,,5.0,0.77,PEDESTRIAN STREET,5.622002434,EXCELLENT
146,147,"(675027.7308499999, 1176628.9897499997)",1146,6,F,C,G,G,,>1.5 | <3,0,5,,N,Y,N,NO,YES,Y,YES,N,NO,NO,YES,2015-10-21 16:10:53.311001,,{14197DB2-2389-4148-9057-93AA9EB94192},N,N/A,N/A,,,,,1.0,1,0,1,1,0.0,0.0,1.0,0,0,0,0,1,0,0,0,0,1.0,0,,3.0,2.0,0,1,1.0,3.0,2.0,1,1.0,,7.0,1.54,PEDESTRIAN STREET,34.1968107942,GOOD
147,148,"(674931.0078252534, 1176644.3035265722)",1147,6,F,C,G,G,,>1.5 | <3,0,3,,N,Y,P,NO,NO,Y,NO,Y,NO,NO,YES,2015-10-27 04:00:00.000000,,{146E1933-4B89-44FF-B81E-D574FBE69B27},N,N/A,N/A,,,,,0.0,1,0,1,0,0.0,0.0,1.0,0,0,0,0,1,0,0,1,1,1.0,0,,2.0,1.0,0,1,3.0,2.0,1.0,1,3.0,,7.0,1.54,PEDESTRIAN STREET,13.3839222966,GOOD
148,149,"(674938.77085, 1176643.0436499994)",1148,6,F,C,G,G,,>1.5 | <3,0,4,,N,Y,P,NO,NO,N,NO,Y,NO,NO,YES,2015-10-27 04:00:00.000000,,{004BA12A-52E3-4CB4-930D-EF3D500DD7CF},N,N/A,N/A,,,,,0.0,1,0,1,0,0.0,0.0,1.0,0,0,0,0,1,0,1,1,1,1.0,0,,2.0,1.0,0,1,4.0,2.0,1.0,1,4.0,,8.0,1.92,PEDESTRIAN STREET,8.43875578114,GOOD
149,150,"(674937.36845, 1176647.0353999995)",1149,6,F,C,G,G,,>1.5 | <3,0,3,,N,Y,P,NO,NO,N,NO,Y,NO,NO,YES,2015-10-27 04:00:00.000000,,{BCD7D528-30F0-475F-9A94-5B1EC0A1776E},N,N/A,N/A,,,,,0.0,1,0,1,0,0.0,0.0,1.0,0,0,0,0,1,0,1,1,1,1.0,0,,2.0,1.0,0,1,4.0,2.0,1.0,1,4.0,,8.0,1.92,PEDESTRIAN STREET,0.461080915472,GOOD
150,151,"(675024.9056500001, 1176646.3588000005)",1150,6,F,C,G,G,,>1.5 | <3,0,4,,N,Y,P,NO,YES,Y,YES,Y,NO,NO,YES,2015-10-21 04:00:00.000000,,{A7DEE9EC-D353-44CE-9558-47AE153178C0},N,N/A,N/A,,,,,0.0,1,0,1,0,0.0,0.0,1.0,0,0,0,0,1,0,0,0,0,1.0,0,,2.0,1.0,0,1,1.0,2.0,1.0,1,1.0,,5.0,0.77,PEDESTRIAN STREET,8.9601051414,EXCELLENT
151,152,"(675035.9359000004, 1176632.5519500002)",1151,6,F,C,G,G,,>3,0,4,,N,Y,P,NO,YES,N,YES,Y,NO,NO,YES,2015-10-21 15:59:29.205000,,{98C55364-EF78-48A2-8C4E-05ADF13086C9},N,N/A,N/A,,,,,0.0,1,0,1,0,0.0,0.0,1.0,0,0,0,0,1,0,1,0,0,1.0,0,,2.0,1.0,0,1,2.0,2.0,1.0,1,2.0,,6.0,1.15,PEDESTRIAN STREET,34.0354523771,GOOD
152,153,"(674936.9914000002, 1176648.4874)",1152,6,F,C,G,G,,>1.5 | <3,0,4,,N,Y,P,NO,NO,N,NO,Y,NO,NO,YES,2015-10-27 04:00:00.000000,,{268B5740-3B6A-4E5A-9791-A42D793C3EC8},N,N/A,N/A,,,,,0.0,1,0,1,0,0.0,0.0,1.0,0,0,0,0,1,0,1,1,1,1.0,0,,2.0,1.0,0,1,4.0,2.0,1.0,1,4.0,,8.0,1.92,PEDESTRIAN STREET,2.9615029971,GOOD
153,154,"(674983.7298999997, 1176651.6486999998)",1153,6,F,C,G,G,,>1.5 | <3,0,1,,N,Y,P,NO,NO,Y,NO,Y,NO,NO,YES,2015-10-27 04:00:00.000000,,{98402612-190D-4ACC-945F-E483E288501D},N,N/A,N/A,,,,,0.0,1,0,1,0,0.0,0.0,1.0,0,0,0,1,1,0,0,1,1,1.0,0,,2.0,1.0,0,2,3.0,2.0,1.0,2,3.0,,8.0,1.92,PEDESTRIAN STREET,14.9902363241,GOOD
154,155,"(674942.2294999999, 1176652.2983)",1154,6,F,C,G,G,,>1.5 | <3,0,4,,N,Y,N,NO,NO,N,NO,Y,NO,NO,YES,2015-10-27 04:00:00.000000,,{B0B0314C-5FF7-440A-9E6A-08B0CD9F75FD},N,N/A,N/A,,,,,1.0,1,0,1,0,0.0,0.0,1.0,0,0,0,0,1,0,1,1,1,1.0,0,,3.0,1.0,0,1,4.0,3.0,1.0,1,4.0,,9.0,2.31,PEDESTRIAN STREET,12.6420338262,FAIR
155,156,"(674951.4497999996, 1176646.6413000003)",1155,6,F,C,G,G,,<1.5,0,3,,N,Y,N,NO,NO,N,NO,Y,NO,NO,YES,2015-10-27 04:00:00.000000,,{7CE57817-B526-4BB7-A54A-50924EA6694A},N,N/A,N/A,,,,,1.0,1,0,1,0,0.0,0.0,1.0,1,0,0,0,1,0,1,1,1,1.0,0,,3.0,2.0,0,1,4.0,3.0,2.0,1,4.0,,10.0,2.69,PEDESTRIAN STREET,17.5812232612,FAIR
156,157,"(674990.3846999998, 1176655.1656)",1156,6,F,C,G,G,,<1.5,0,3,,N,Y,P,NO,NO,Y,NO,Y,NO,NO,YES,2015-10-27 04:00:00.000000,,{45F710BD-43F1-4279-8CF6-793CB068F566},N,N/A,N/A,,,,,0.0,1,0,1,0,0.0,0.0,1.0,1,0,0,0,1,0,0,1,1,1.0,0,,2.0,2.0,0,1,3.0,2.0,2.0,1,3.0,,8.0,1.92,PEDESTRIAN STREET,1.40666182049,GOOD
157,158,"(674947.6361499997, 1176655.75225)",1157,6,F,C,G,G,,<1.5,0,3,,N,Y,P,NO,NO,Y,NO,Y,NO,NO,YES,2015-10-27 04:00:00.000000,,{CFECCDF9-3020-4A36-9719-3CBC2EA83E2F},N,N/A,N/A,,,,,0.0,1,0,1,0,0.0,0.0,1.0,1,0,0,0,1,0,0,1,1,1.0,0,,2.0,2.0,0,1,3.0,2.0,2.0,1,3.0,,8.0,1.92,PEDESTRIAN STREET,2.1725952273,GOOD
158,159,"(675005.2450961197, 1176661.6774600144)",1158,6,F,C,P,F,,>1.5 | <3,0,4,,D,Y,N,NO,NO,N,NO,N,NO,NO,YES,2015-10-27 04:00:00.000000,,{1EC93ED0-687A-4892-B7DD-898262B7E9DF},N,N/A,N/A,,,,,1.0,1,0,1,1,0.0,0.0,1.0,0,0,0,0,1,1,1,1,1,0.0,3,,3.0,2.0,0,1,7.0,3.0,2.0,1,7.0,,13.0,3.85,PEDESTRIAN STREET,32.4530645857,POOR
159,160,"(675024.7033000002, 1176657.8229)",1159,6,F,C,G,G,,>3,0,4,,N,Y,P,NO,YES,N,YES,Y,NO,NO,YES,2015-10-21 15:57:36.607000,,{00D2FE17-15A5-4C99-AEC8-3D46821CBDAA},N,N/A,N/A,,,,,0.0,1,0,1,0,0.0,0.0,1.0,0,0,0,0,1,0,1,0,0,1.0,0,,2.0,1.0,0,1,2.0,2.0,1.0,1,2.0,,6.0,1.15,PEDESTRIAN STREET,21.2743109198,GOOD
160,161,"(674965.3355568333, 1176664.2906835708)",1160,6,F,C,G,G,,>1.5 | <3,0,3,,N,Y,P,NO,YES,Y,NO,Y,NO,NO,YES,2015-10-27 04:00:00.000000,,{A212466C-4D74-4483-B240-D161EFED6800},N,N/A,N/A,,,,,0.0,1,0,1,0,0.0,0.0,1.0,0,0,0,0,1,0,0,0,1,1.0,0,,2.0,1.0,0,1,2.0,2.0,1.0,1,2.0,,6.0,1.15,PEDESTRIAN STREET,39.24742286,GOOD
161,162,"(674986.7845000001, 1176663.8210499994)",1161,6,F,C,G,G,,<1.5,0,4,,N,Y,P,NO,YES,Y,NO,N,NO,NO,YES,2015-10-27 04:00:00.000000,,{1567FE71-9AA1-4627-BEBB-74922D8AADB2},N,N/A,N/A,,,,,0.0,1,0,1,1,0.0,0.0,1.0,1,0,0,0,1,0,0,0,1,1.0,0,,2.0,3.0,0,1,2.0,2.0,3.0,1,2.0,,8.0,1.92,PEDESTRIAN STREET,17.3420186381,GOOD
162,163,"(674980.6880000001, 1176673.1559499996)",1162,6,F,C,G,G,,<1.5,0,3,,N,Y,P,NO,YES,Y,NO,Y,NO,NO,YES,2015-10-27 04:00:00.000000,,{1B0CDC53-EC1F-4C0F-8E74-67E25742A27F},N,N/A,N/A,,,,,0.0,1,0,1,0,0.0,0.0,1.0,1,0,0,0,1,0,0,0,1,1.0,0,,2.0,2.0,0,1,2.0,2.0,2.0,1,2.0,,7.0,1.54,PEDESTRIAN STREET,4.08831592365,GOOD
163,164,"(674983.0081500001, 1176672.8998999996)",1163,6,F,O,G,G,,>1.5 | <3,0,4,,N,Y,P,NO,YES,N,NO,Y,NO,NO,YES,2015-10-27 04:00:00.000000,,{3D37C414-FB85-471E-BD29-FDCD182A753E},N,N/A,N/A,,,,,0.0,1,0,1,0,0.0,,1.0,0,0,0,0,1,0,1,0,1,1.0,0,,2.0,1.0,0,1,3.0,2.0,1.0,1,3.0,,7.0,1.54,PEDESTRIAN STREET,2.32382348982,GOOD
164,165,"(675017.7615499999, 1176673.4093999993)",1164,6,F,C,G,G,,>3,0,3,,N,Y,P,NO,YES,N,NO,Y,NO,NO,YES,2015-10-21 15:55:26.113001,,{CE6639CD-DF21-4F6D-B09F-B9884E8315EC},N,N/A,N/A,,,,,0.0,1,0,1,0,0.0,0.0,1.0,0,0,0,0,1,0,1,0,1,1.0,0,,2.0,1.0,0,1,3.0,2.0,1.0,1,3.0,,7.0,1.54,PEDESTRIAN STREET,12.85057005,GOOD
165,166,"(674989.7796, 1176677.1185499998)",1165,6,F,C,G,G,,<1.5,0,3,,N,Y,P,NO,YES,Y,NO,N,NO,NO,YES,2015-10-27 04:00:00.000000,,{706EE9FD-7EFE-4486-BD40-BA94616CC0C8},N,N/A,N/A,,,,,0.0,1,0,1,1,0.0,0.0,1.0,1,0,0,0,1,0,0,0,1,1.0,0,,2.0,3.0,0,1,2.0,2.0,3.0,1,2.0,,8.0,1.92,PEDESTRIAN STREET,15.7469445304,GOOD
166,167,"(674995.7309499998, 1176683.1877499996)",1166,6,F,C,G,G,,>1.5 | <3,0,3,,N,Y,P,NO,YES,Y,NO,Y,NO,NO,YES,2015-10-27 04:00:00.000000,,{B98BA1F4-FD7E-4623-934A-15619A5479A4},N,N/A,N/A,,,,,0.0,1,0,1,0,0.0,0.0,1.0,0,0,0,0,1,0,0,0,1,1.0,0,,2.0,1.0,0,1,2.0,2.0,1.0,1,2.0,,6.0,1.15,PEDESTRIAN STREET,6.37169288161,GOOD
167,168,"(675001.8489999999, 1176689.3345999997)",1167,6,F,C,G,G,,>1.5 | <3,0,3,,N,Y,P,NO,YES,Y,NO,Y,NO,NO,YES,2015-10-27 04:00:00.000000,,{462E4882-9D3D-4610-B9CF-331BD8847A6C},N,N/A,N/A,,,,,0.0,1,0,1,0,0.0,0.0,1.0,0,0,0,0,1,0,0,0,1,1.0,0,,2.0,1.0,0,1,2.0,2.0,1.0,1,2.0,,6.0,1.15,PEDESTRIAN STREET,16.1146288343,GOOD
168,169,"(675012.1904500001, 1176685.9184999997)",1168,6,F,C,G,G,,>3,0,3,,N,Y,P,NO,YES,N,NO,Y,NO,NO,YES,2015-10-21 15:53:42.515000,,{FABEF62E-33F7-46B8-8771-E80CD508DEDF},N,N/A,N/A,,,,,0.0,1,0,1,0,0.0,0.0,1.0,0,0,0,0,1,0,1,0,1,1.0,0,,2.0,1.0,0,1,3.0,2.0,1.0,1,3.0,,7.0,1.54,PEDESTRIAN STREET,14.5366341175,GOOD
169,170,"(674989.8546499996, 1176696.75335)",1169,6,F,C,G,G,,>1.5 | <3,0,3,,N,Y,P,NO,YES,Y,NO,Y,NO,NO,YES,2015-10-27 04:00:00.000000,,{284C9BCA-CF51-4725-B149-4C62DF793589},N,N/A,N/A,,,,,0.0,1,0,1,0,0.0,0.0,1.0,0,0,0,0,1,0,0,0,1,1.0,0,,2.0,1.0,0,1,2.0,2.0,1.0,1,2.0,,6.0,1.15,PEDESTRIAN STREET,23.1956137298,GOOD
170,171,"(674971.2173866228, 1176689.8763442037)",1170,6,F,C,G,G,,<1.5,0,2,,N,Y,N,NO,YES,Y,NO,Y,NO,NO,YES,2015-10-27 04:00:00.000000,,{E0A9CECA-8D2F-4983-9CEE-4E0A11CA72CE},N,N/A,N/A,,,,,1.0,1,0,1,0,0.0,0.0,1.0,1,0,0,1,1,0,0,0,1,1.0,0,,3.0,2.0,0,2,2.0,3.0,2.0,2,2.0,,9.0,2.31,PEDESTRIAN STREET,38.2236304434,FAIR
171,172,"(674884.7067000001, 1176663.5155499997)",1171,2,F,C,G,G,0,<1.5,2,2,30,VF,Y,R,YES,NO,N,NO,Y,NO,NO,YES,2015-10-22 20:41:03.603000,,{6CA1D7A0-B514-4453-A440-711B03802384},N,NO,YES,2.0,0.5,1.0,0.0,0.5,0,0,1,0,0.0,0.0,0.0,1,0,0,1,1,0,1,1,1,0.5,0,3.5,1.5,1.0,0,2,3.5,5.0,1.0,2,3.5,,11.5,3.27,SIDEWALK,102.324311923,POOR
172,173,"(674923.2837, 1176680.1692500003)",1172,6,F,C,G,G,,>1.5 | <3,0,3,,N,Y,P,YES,NO,Y,NO,Y,NO,NO,YES,2015-10-27 04:00:00.000000,,{15E3B137-B598-4B2C-B7CF-7B3883FC1DD2},Y,N/A,N/A,,,,,0.0,0,0,1,0,0.0,0.0,1.0,0,1,0,0,1,0,0,1,1,1.0,0,,1.0,1.0,1,1,3.0,1.0,2.0,1,3.0,,7.0,1.54,PEDESTRIAN STREET,66.0787941846,GOOD
173,174,"(674972.7123499997, 1176711.3761)",1173,6,F,C,G,G,,>1.5 | <3,0,2,,N,Y,N,NO,YES,Y,NO,N,NO,NO,YES,2015-10-27 04:00:00.000000,,{B6D56546-EE3D-419D-8803-22CB19DB56F8},N,N/A,N/A,,,,,1.0,1,0,1,1,0.0,0.0,1.0,0,0,0,1,1,0,0,0,1,1.0,0,,3.0,2.0,0,2,2.0,3.0,2.0,2,2.0,,9.0,2.31,PEDESTRIAN STREET,19.8353521251,FAIR
174,175,"(674983.5243499996, 1176711.3671500003)",1174,6,F,C,G,G,,>1.5 | <3,0,2,,N,Y,P,NO,YES,Y,NO,Y,NO,NO,YES,2015-10-27 04:00:00.000000,,{1A2F1F0C-EDED-42BA-A829-472B51BDC217},N,N/A,N/A,,,,,0.0,1,0,1,0,0.0,0.0,1.0,0,0,0,1,1,0,0,0,1,1.0,0,,2.0,1.0,0,2,2.0,2.0,1.0,2,2.0,,7.0,1.54,PEDESTRIAN STREET,8.6562840814,GOOD
175,176,"(674907.4001715983, 1176681.758011632)",1175,6,F,C,G,G,,>1.5 | <3,0,2,,N,Y,P,YES,YES,Y,NO,Y,NO,NO,YES,2015-10-27 04:00:00.000000,,{AA3010EB-208A-4070-8A1B-799942115C6A},N,N/A,N/A,,,,,0.0,0,0,1,0,0.0,0.0,1.0,0,0,0,1,1,0,0,0,1,1.0,0,,1.0,1.0,0,2,2.0,1.0,1.0,2,2.0,,6.0,1.15,PEDESTRIAN STREET,87.4542489748,GOOD
176,177,"(674896.4179499997, 1176724.6215000004)",1176,6,F,C,G,G,,>1.5 | <3,0,2,,N,Y,P,YES,YES,Y,NO,Y,NO,NO,YES,2015-10-27 04:00:00.000000,,{DA56D308-7DD2-4860-819D-116F65FF44FA},N,N/A,N/A,,,,,0.0,0,0,1,0,0.0,0.0,1.0,0,0,0,1,1,0,0,0,1,1.0,0,,1.0,1.0,0,2,2.0,1.0,1.0,2,2.0,,6.0,1.15,PEDESTRIAN STREET,14.0103314573,GOOD
177,178,"(674906.5107999998, 1176718.9355000006)",1177,6,F,C,G,G,,>1.5 | <3,0,2,,N,Y,P,YES,NO,Y,NO,Y,NO,NO,YES,2015-10-27 04:00:00.000000,,{34810DA8-4FFC-4685-B77D-7A4558DC0550},Y,N/A,N/A,,,,,0.0,0,0,1,0,0.0,0.0,1.0,0,1,0,1,1,0,0,1,1,1.0,0,,1.0,1.0,1,2,3.0,1.0,2.0,2,3.0,,8.0,1.92,PEDESTRIAN STREET,18.399660193,GOOD
